Date,High,Low,Open,Close,Volume,Adj Close
2015-01-02,8410.599609375,8288.7001953125,8288.7001953125,8395.4501953125,101900.0,8395.4501953125
2015-01-05,8445.599609375,8363.900390625,8407.9501953125,8378.400390625,118200.0,8378.400390625
2015-01-06,8327.849609375,8111.35009765625,8325.2998046875,8127.35009765625,172800.0,8127.35009765625
2015-01-07,8151.2001953125,8065.4501953125,8118.64990234375,8102.10009765625,164100.0,8102.10009765625
2015-01-08,8243.5,8167.2998046875,8191.39990234375,8234.599609375,143800.0,8234.599609375
2015-01-09,8303.2998046875,8190.7998046875,8285.4501953125,8284.5,148000.0,8284.5
2015-01-12,8332.599609375,8245.599609375,8291.349609375,8323.0,103200.0,8323.0
2015-01-13,8356.650390625,8267.900390625,8346.150390625,8299.400390625,129600.0,8299.400390625
2015-01-14,8326.4501953125,8236.650390625,8307.25,8277.5498046875,146100.0,8277.5498046875
2015-01-15,8527.099609375,8380.5498046875,8424.5,8494.150390625,232100.0,8494.150390625
2015-01-16,8530.75,8452.25,8504.0498046875,8513.7998046875,176000.0,8513.7998046875
2015-01-19,8570.9501953125,8531.5,8550.0498046875,8550.7001953125,125400.0,8550.7001953125
2015-01-20,8707.900390625,8574.5,8575.099609375,8695.599609375,158700.0,8695.599609375
2015-01-21,8741.849609375,8689.599609375,8719.650390625,8729.5,185900.0,8729.5
2015-01-22,8774.150390625,8727.0,8745.849609375,8761.400390625,175500.0,8761.400390625
2015-01-23,8866.400390625,8795.400390625,8827.9501953125,8835.599609375,191200.0,8835.599609375
2015-01-27,8925.0498046875,8825.4501953125,8871.349609375,8910.5,192000.0,8910.5
2015-01-28,8985.0498046875,8874.0498046875,8902.75,8914.2998046875,185100.0,8914.2998046875
2015-01-29,8966.650390625,8861.25,8901.5,8952.349609375,256300.0,8952.349609375
2015-01-30,8996.599609375,8775.099609375,8996.599609375,8808.900390625,267300.0,8808.900390625
2015-02-02,8840.7998046875,8751.099609375,8802.5,8797.400390625,210100.0,8797.400390625
2015-02-03,8837.2998046875,8726.650390625,8823.150390625,8756.5498046875,208700.0,8756.5498046875
2015-02-04,8792.849609375,8704.400390625,8789.150390625,8723.7001953125,195300.0,8723.7001953125
2015-02-05,8838.4501953125,8683.650390625,8733.099609375,8711.7001953125,173600.0,8711.7001953125
2015-02-06,8726.2001953125,8645.5498046875,8696.849609375,8661.0498046875,171300.0,8661.0498046875
2015-02-09,8605.5498046875,8516.349609375,8584.400390625,8526.349609375,146800.0,8526.349609375
2015-02-10,8646.25,8470.5,8478.099609375,8565.5498046875,196200.0,8565.5498046875
2015-02-11,8651.9501953125,8593.650390625,8603.2998046875,8627.400390625,161600.0,8627.400390625
2015-02-12,8732.5498046875,8599.25,8676.9501953125,8711.5498046875,158800.0,8711.5498046875
2015-02-13,8822.099609375,8729.650390625,8741.5,8805.5,221900.0,8805.5
2015-02-16,8870.099609375,8793.400390625,8831.400390625,8809.349609375,136400.0,8809.349609375
2015-02-18,8894.2998046875,8808.900390625,8811.5498046875,8869.099609375,147600.0,8869.099609375
2015-02-19,8913.4501953125,8794.4501953125,8883.0498046875,8895.2998046875,213300.0,8895.2998046875
2015-02-20,8899.9501953125,8816.2998046875,8895.5,8833.599609375,197600.0,8833.599609375
2015-02-23,8869.0,8736.099609375,8856.849609375,8754.9501953125,139600.0,8754.9501953125
2015-02-24,8800.5,8726.75,8772.900390625,8762.099609375,149800.0,8762.099609375
2015-02-25,8840.650390625,8751.400390625,8801.900390625,8767.25,135200.0,8767.25
2015-02-26,8786.0498046875,8669.4501953125,8779.0,8683.849609375,217500.0,8683.849609375
2015-02-27,8856.9501953125,8717.4501953125,8729.5,8844.599609375,249500.0,8844.599609375
2015-03-02,8972.349609375,8885.4501953125,8953.849609375,8956.75,218100.0,8956.75
2015-03-03,9008.400390625,8925.5498046875,8962.849609375,8996.25,177800.0,8996.25
2015-03-04,9119.2001953125,8893.9501953125,9109.150390625,8922.650390625,248400.0,8922.650390625
2015-03-05,8957.5498046875,8849.349609375,8929.400390625,8937.75,160100.0,8937.75
2015-03-09,8891.2998046875,8740.4501953125,8891.150390625,8756.75,155500.0,8756.75
2015-03-10,8778.0,8677.349609375,8769.75,8712.0498046875,163800.0,8712.0498046875
2015-03-11,8755.599609375,8682.349609375,8728.75,8699.9501953125,172800.0,8699.9501953125
2015-03-12,8787.2001953125,8732.900390625,8740.650390625,8776.0,173900.0,8776.0
2015-03-13,8849.75,8631.75,8844.0498046875,8647.75,179200.0,8647.75
2015-03-16,8663.5498046875,8612.0,8656.75,8633.150390625,163300.0,8633.150390625
2015-03-17,8742.5498046875,8630.7998046875,8689.099609375,8723.2998046875,177000.0,8723.2998046875
2015-03-18,8747.25,8664.0,8742.900390625,8685.900390625,156400.0,8685.900390625
2015-03-19,8788.2001953125,8614.650390625,8749.4501953125,8634.650390625,163500.0,8634.650390625
2015-03-20,8627.900390625,8553.0,8627.900390625,8570.900390625,174600.0,8570.900390625
2015-03-23,8608.349609375,8540.5498046875,8591.5498046875,8550.900390625,150700.0,8550.900390625
2015-03-24,8627.75,8535.849609375,8537.0498046875,8542.9501953125,156700.0,8542.9501953125
2015-03-25,8573.75,8516.5498046875,8568.900390625,8530.7998046875,161000.0,8530.7998046875
2015-03-26,8499.4501953125,8325.349609375,8474.9501953125,8342.150390625,280100.0,8342.150390625
2015-03-27,8413.2001953125,8269.150390625,8396.0,8341.400390625,193000.0,8341.400390625
2015-03-30,8492.2998046875,8380.75,8390.9501953125,8492.2998046875,134700.0,8492.2998046875
2015-03-31,8550.4501953125,8454.150390625,8527.599609375,8491.0,167200.0,8491.0
2015-04-01,8603.400390625,8464.75,8483.7001953125,8586.25,125500.0,8586.25
2015-04-06,8667.5498046875,8573.75,8615.7998046875,8659.900390625,146900.0,8659.900390625
2015-04-07,8693.599609375,8586.849609375,8684.4501953125,8660.2998046875,148700.0,8660.2998046875
2015-04-08,8730.5,8679.7998046875,8698.9501953125,8714.400390625,148200.0,8714.400390625
2015-04-09,8785.5,8682.4501953125,8756.2001953125,8778.2998046875,152700.0,8778.2998046875
2015-04-10,8787.400390625,8733.599609375,8774.349609375,8780.349609375,139000.0,8780.349609375
2015-04-13,8841.650390625,8762.099609375,8801.75,8834.0,121600.0,8834.0
2015-04-16,8760.0,8645.650390625,8757.0498046875,8706.7001953125,142900.0,8706.7001953125
2015-04-17,8699.849609375,8596.7001953125,8698.0498046875,8606.0,150400.0,8606.0
2015-04-20,8619.9501953125,8422.75,8618.7998046875,8448.099609375,148900.0,8448.099609375
2015-04-21,8469.349609375,8352.7001953125,8416.099609375,8377.75,407800.0,8377.75
2015-04-22,8449.9501953125,8284.7001953125,8400.400390625,8429.7001953125,171800.0,8429.7001953125
2015-04-23,8504.9501953125,8361.849609375,8478.2001953125,8398.2998046875,156000.0,8398.2998046875
2015-04-24,8413.2998046875,8273.349609375,8405.7001953125,8305.25,173600.0,8305.25
2015-04-27,8334.4501953125,8202.349609375,8330.5498046875,8213.7998046875,171500.0,8213.7998046875
2015-04-28,8308.0,8185.14990234375,8215.5498046875,8285.599609375,174600.0,8285.599609375
2015-04-29,8308.2001953125,8219.2001953125,8274.7998046875,8239.75,160400.0,8239.75
2015-04-30,8229.400390625,8144.75,8224.5,8181.5,267700.0,8181.5
2015-05-04,8346.0,8220.4501953125,8230.0498046875,8331.9501953125,131700.0,8331.9501953125
2015-05-05,8355.650390625,8280.599609375,8338.400390625,8324.7998046875,155500.0,8324.7998046875
2015-05-06,8331.9501953125,8083.0,8316.599609375,8097.0,209600.0,8097.0
2015-05-07,8122.60009765625,7997.14990234375,8077.0,8057.2998046875,161600.0,8057.2998046875
2015-05-08,8224.9501953125,8123.4501953125,8131.5,8191.5,183100.0,8191.5
2015-05-11,8332.75,8224.650390625,8243.2001953125,8325.25,192000.0,8325.25
2015-05-12,8326.650390625,8115.2998046875,8326.150390625,8126.9501953125,173400.0,8126.9501953125
2015-05-13,8254.9501953125,8089.7998046875,8181.5498046875,8235.4501953125,169800.0,8235.4501953125
2015-05-14,8236.25,8137.2998046875,8232.4501953125,8224.2001953125,134800.0,8224.2001953125
2015-05-15,8279.2001953125,8212.2001953125,8240.2998046875,8262.349609375,129800.0,8262.349609375
2015-05-18,8384.599609375,8271.9501953125,8284.9501953125,8373.650390625,148700.0,8373.650390625
2015-05-19,8427.7998046875,8335.0,8356.2001953125,8365.650390625,140300.0,8365.650390625
2015-05-20,8440.349609375,8391.4501953125,8392.650390625,8423.25,123600.0,8423.25
2015-05-21,8446.349609375,8382.5,8434.5,8421.0,143800.0,8421.0
2015-05-22,8489.5498046875,8420.599609375,8432.5,8458.9501953125,187300.0,8458.9501953125
2015-05-25,8441.9501953125,8364.150390625,8438.150390625,8370.25,121300.0,8370.25
2015-05-26,8378.900390625,8320.0498046875,8377.099609375,8339.349609375,116800.0,8339.349609375
2015-05-27,8342.849609375,8277.9501953125,8302.75,8334.599609375,165500.0,8334.599609375
2015-05-28,8364.5,8270.150390625,8345.7001953125,8319.0,232300.0,8319.0
2015-05-29,8443.900390625,8305.7001953125,8327.099609375,8433.650390625,363900.0,8433.650390625
2015-06-01,8467.150390625,8405.400390625,8417.25,8433.400390625,122200.0,8433.400390625
2015-06-02,8445.349609375,8226.0498046875,8442.7998046875,8236.4501953125,146800.0,8236.4501953125
2015-06-03,8236.7001953125,8094.14990234375,8232.4501953125,8135.10009765625,171400.0,8135.10009765625
2015-06-04,8160.0498046875,8056.75,8155.14990234375,8130.64990234375,154700.0,8130.64990234375
2015-06-05,8191.0,8100.14990234375,8119.14990234375,8114.7001953125,162100.0,8114.7001953125
2015-06-08,8131.0,8030.5498046875,8124.35009765625,8044.14990234375,135900.0,8044.14990234375
2015-06-09,8057.14990234375,8005.14990234375,8026.5,8022.39990234375,136000.0,8022.39990234375
2015-06-10,8152.25,8023.7998046875,8024.14990234375,8124.4501953125,136800.0,8124.4501953125
2015-06-11,8163.0498046875,7958.25,8157.2998046875,7965.35009765625,166200.0,7965.35009765625
2015-06-12,7995.60009765625,7940.2998046875,7959.85009765625,7982.89990234375,136600.0,7982.89990234375
2015-06-15,8057.7001953125,7944.85009765625,7986.60009765625,8013.89990234375,133000.0,8013.89990234375
2015-06-16,8061.85009765625,7952.35009765625,8004.2001953125,8047.2998046875,124000.0,8047.2998046875
2015-06-17,8136.85009765625,8048.9501953125,8084.2001953125,8091.5498046875,152500.0,8091.5498046875
2015-06-18,8186.89990234375,8101.7998046875,8113.7001953125,8174.60009765625,144800.0,8174.60009765625
2015-06-19,8250.7998046875,8195.650390625,8201.150390625,8224.9501953125,147100.0,8224.9501953125
2015-06-22,8369.4501953125,8257.400390625,8259.2998046875,8353.099609375,122700.0,8353.099609375
2015-06-23,8398.4501953125,8334.9501953125,8377.4501953125,8381.5498046875,131700.0,8381.5498046875
2015-06-24,8421.349609375,8338.900390625,8399.400390625,8360.849609375,130100.0,8360.849609375
2015-06-25,8423.150390625,8329.5,8336.25,8398.0,201200.0,8398.0
2015-06-26,8408.5498046875,8339.7001953125,8393.9501953125,8381.099609375,110600.0,8381.099609375
2015-06-29,8329.4501953125,8195.650390625,8247.0498046875,8318.400390625,132000.0,8318.400390625
2015-06-30,8378.0,8298.9501953125,8316.349609375,8368.5,158500.0,8368.5
2015-07-01,8481.599609375,8370.150390625,8376.25,8453.0498046875,131800.0,8453.0498046875
2015-07-02,8479.25,8433.2001953125,8471.9501953125,8444.900390625,112000.0,8444.900390625
2015-07-03,8497.75,8424.150390625,8440.099609375,8484.900390625,88400.0,8484.900390625
2015-07-06,8533.150390625,8386.150390625,8386.150390625,8522.150390625,101500.0,8522.150390625
2015-07-07,8561.349609375,8483.849609375,8525.5,8510.7998046875,122200.0,8510.7998046875
2015-07-08,8457.5,8341.400390625,8439.2001953125,8363.0498046875,188100.0,8363.0498046875
2015-07-09,8400.2998046875,8323.0,8364.849609375,8328.5498046875,131300.0,8328.5498046875
2015-07-10,8377.099609375,8315.400390625,8365.7001953125,8360.5498046875,154100.0,8360.5498046875
2015-07-13,8471.650390625,8355.400390625,8397.25,8459.650390625,117800.0,8459.650390625
2015-07-14,8480.25,8424.099609375,8470.599609375,8454.099609375,101700.0,8454.099609375
2015-07-15,8531.400390625,8462.9501953125,8463.400390625,8523.7998046875,105500.0,8523.7998046875
2015-07-16,8616.099609375,8542.900390625,8546.150390625,8608.0498046875,116000.0,8608.0498046875
2015-07-17,8642.9501953125,8593.150390625,8623.650390625,8609.849609375,105000.0,8609.849609375
2015-07-20,8624.099609375,8559.0,8623.900390625,8603.4501953125,90600.0,8603.4501953125
2015-07-21,8646.75,8517.900390625,8601.5,8529.4501953125,164100.0,8529.4501953125
2015-07-22,8643.900390625,8498.650390625,8512.25,8633.5,136800.0,8633.5
2015-07-23,8654.75,8573.7998046875,8643.9501953125,8589.7998046875,132900.0,8589.7998046875
2015-07-24,8589.150390625,8513.5,8588.150390625,8521.5498046875,127400.0,8521.5498046875
2015-07-27,8492.2001953125,8351.5498046875,8492.099609375,8361.0,136600.0,8361.0
2015-07-28,8397.400390625,8321.75,8371.099609375,8337.0,174600.0,8337.0
2015-07-29,8381.5,8338.4501953125,8365.599609375,8375.0498046875,141000.0,8375.0498046875
2015-07-30,8458.900390625,8408.2998046875,8417.0,8421.7998046875,215200.0,8421.7998046875
2015-07-31,8548.9501953125,8448.0,8456.099609375,8532.849609375,203300.0,8532.849609375
2015-08-03,8563.9501953125,8508.099609375,8510.650390625,8543.0498046875,156700.0,8543.0498046875
2015-08-04,8565.150390625,8448.25,8564.099609375,8516.900390625,187400.0,8516.900390625
2015-08-05,8591.849609375,8545.849609375,8547.4501953125,8567.9501953125,132800.0,8567.9501953125
2015-08-06,8606.2998046875,8551.5,8585.7998046875,8588.650390625,134900.0,8588.650390625
2015-08-07,8595.9501953125,8552.7001953125,8580.7998046875,8564.599609375,143700.0,8564.599609375
2015-08-10,8621.5498046875,8497.7998046875,8577.0,8525.599609375,123400.0,8525.599609375
2015-08-11,8556.25,8441.2998046875,8548.4501953125,8462.349609375,154400.0,8462.349609375
2015-08-12,8446.9501953125,8337.9501953125,8445.7001953125,8349.4501953125,190000.0,8349.4501953125
2015-08-13,8429.5,8339.75,8384.4501953125,8355.849609375,189200.0,8355.849609375
2015-08-14,8530.099609375,8381.2001953125,8402.349609375,8518.5498046875,155900.0,8518.5498046875
2015-08-17,8530.599609375,8428.0498046875,8530.5,8477.2998046875,174700.0,8477.2998046875
2015-08-18,8525.75,8433.599609375,8505.849609375,8466.5498046875,153300.0,8466.5498046875
2015-08-19,8520.4501953125,8425.9501953125,8468.0498046875,8495.150390625,130500.0,8495.150390625
2015-08-20,8501.349609375,8359.75,8471.0498046875,8372.75,184100.0,8372.75
2015-08-21,8322.2001953125,8225.0498046875,8305.400390625,8299.9501953125,201300.0,8299.9501953125
2015-08-24,8060.0498046875,7769.39990234375,8055.9501953125,7809.0,312400.0,7809.0
2015-08-25,7925.39990234375,7667.25,7895.39990234375,7880.7001953125,299100.0,7880.7001953125
2015-08-26,7930.0498046875,7777.10009765625,7865.25,7791.85009765625,216600.0,7791.85009765625
2015-08-27,7963.60009765625,7862.2998046875,7921.60009765625,7948.9501953125,305000.0,7948.9501953125
2015-08-28,8091.7998046875,7961.64990234375,8053.7001953125,8001.9501953125,195600.0,8001.9501953125
2015-08-31,8043.60009765625,7947.9501953125,8009.25,7971.2998046875,198200.0,7971.2998046875
2015-09-01,7929.10009765625,7746.5,7907.9501953125,7785.85009765625,184900.0,7785.85009765625
2015-09-02,7862.5498046875,7699.25,7856.64990234375,7717.0,215300.0,7717.0
2015-09-03,7845.60009765625,7754.0498046875,7774.4501953125,7823.0,155800.0,7823.0
2015-09-04,7804.89990234375,7626.85009765625,7803.39990234375,7655.0498046875,193600.0,7655.0498046875
2015-09-07,7705.0498046875,7545.89990234375,7685.85009765625,7558.7998046875,141400.0,7558.7998046875
2015-09-08,7720.89990234375,7539.5,7587.7001953125,7688.25,172200.0,7688.25
2015-09-09,7846.0498046875,7764.5498046875,7805.85009765625,7818.60009765625,208400.0,7818.60009765625
2015-09-10,7819.85009765625,7678.5,7729.0498046875,7788.10009765625,160300.0,7788.10009765625
2015-09-11,7864.85009765625,7759.89990234375,7833.7998046875,7789.2998046875,136400.0,7789.2998046875
2015-09-14,7879.9501953125,7761.85009765625,7811.10009765625,7872.25,122800.0,7872.25
2015-09-15,7880.0,7799.75,7867.35009765625,7829.10009765625,136500.0,7829.10009765625
2015-09-16,7913.89990234375,7853.2998046875,7886.85009765625,7899.14990234375,140000.0,7899.14990234375
2015-09-18,8055.0,7955.85009765625,7967.4501953125,7981.89990234375,241800.0,7981.89990234375
2015-09-21,7987.89990234375,7908.35009765625,7911.5,7977.10009765625,121800.0,7977.10009765625
2015-09-22,8021.60009765625,7787.75,8014.7998046875,7812.0,168400.0,7812.0
2015-09-23,7882.89990234375,7723.25,7737.35009765625,7845.9501953125,146700.0,7845.9501953125
2015-09-24,7894.5,7804.10009765625,7838.39990234375,7868.5,202500.0,7868.5
2015-09-28,7893.9501953125,7787.9501953125,7892.7998046875,7795.7001953125,136300.0,7795.7001953125
2015-09-29,7926.5498046875,7691.2001953125,7725.7001953125,7843.2998046875,240700.0,7843.2998046875
2015-09-30,7957.7001953125,7874.5,7924.25,7948.89990234375,210700.0,7948.89990234375
2015-10-01,8008.25,7930.64990234375,7992.0498046875,7950.89990234375,156900.0,7950.89990234375
2015-10-05,8128.89990234375,8005.10009765625,8005.10009765625,8119.2998046875,183100.0,8119.2998046875
2015-10-06,8180.9501953125,8096.5,8180.4501953125,8152.89990234375,178500.0,8152.89990234375
2015-10-07,8188.89990234375,8132.89990234375,8146.2001953125,8177.39990234375,193900.0,8177.39990234375
2015-10-08,8196.75,8105.85009765625,8196.75,8129.35009765625,171700.0,8129.35009765625
2015-10-09,8232.2001953125,8139.64990234375,8186.35009765625,8189.7001953125,199700.0,8189.7001953125
2015-10-12,8244.5,8128.2001953125,8231.5,8143.60009765625,199100.0,8143.60009765625
2015-10-13,8150.25,8088.60009765625,8121.9501953125,8131.7001953125,145900.0,8131.7001953125
2015-10-14,8139.2998046875,8096.35009765625,8102.39990234375,8107.89990234375,138900.0,8107.89990234375
2015-10-15,8190.5498046875,8129.7998046875,8134.35009765625,8179.5,167200.0,8179.5
2015-10-16,8246.400390625,8147.64990234375,8193.650390625,8238.150390625,156400.0,8238.150390625
2015-10-19,8283.0498046875,8239.2001953125,8262.5498046875,8275.0498046875,124500.0,8275.0498046875
2015-10-20,8294.0498046875,8229.2001953125,8280.2998046875,8261.650390625,155100.0,8261.650390625
2015-10-21,8294.400390625,8217.150390625,8258.349609375,8251.7001953125,144800.0,8251.7001953125
2015-10-23,8328.099609375,8280.75,8308.25,8295.4501953125,152000.0,8295.4501953125
2015-10-26,8336.2998046875,8252.0498046875,8333.650390625,8260.5498046875,133900.0,8260.5498046875
2015-10-27,8241.9501953125,8217.0498046875,8230.349609375,8232.900390625,156700.0,8232.900390625
2015-10-28,8209.099609375,8131.7998046875,8188.89990234375,8171.2001953125,188900.0,8171.2001953125
2015-10-29,8179.60009765625,8098.0,8175.4501953125,8111.75,217500.0,8111.75
2015-10-30,8146.10009765625,8044.39990234375,8123.5498046875,8065.7998046875,199500.0,8065.7998046875
2015-11-02,8060.7001953125,7995.60009765625,8054.5498046875,8050.7998046875,136100.0,8050.7998046875
2015-11-03,8100.35009765625,8031.75,8086.35009765625,8060.7001953125,132500.0,8060.7001953125
2015-11-04,8116.10009765625,8027.2998046875,8104.89990234375,8040.2001953125,122100.0,8040.2001953125
2015-11-05,8031.2001953125,7944.10009765625,8030.35009765625,7955.4501953125,132100.0,7955.4501953125
2015-11-06,8002.64990234375,7926.14990234375,7956.5498046875,7954.2998046875,219500.0,7954.2998046875
2015-11-09,7937.75,7771.7001953125,7788.25,7915.2001953125,211800.0,7915.2001953125
2015-11-10,7885.10009765625,7772.85009765625,7877.60009765625,7783.35009765625,165200.0,7783.35009765625
2015-11-13,7775.10009765625,7730.89990234375,7762.4501953125,7762.25,160900.0,7762.25
2015-11-16,7838.85009765625,7714.14990234375,7732.9501953125,7806.60009765625,149500.0,7806.60009765625
2015-11-17,7860.4501953125,7793.0,7848.75,7837.5498046875,145000.0,7837.5498046875
2015-11-18,7843.39990234375,7725.0498046875,7823.14990234375,7731.7998046875,143600.0,7731.7998046875
2015-11-19,7854.89990234375,7765.4501953125,7788.5,7842.75,132600.0,7842.75
2015-11-20,7906.9501953125,7817.7998046875,7841.89990234375,7856.5498046875,151900.0,7856.5498046875
2015-11-23,7877.5,7825.2001953125,7869.5,7849.25,127000.0,7849.25
2015-11-24,7870.35009765625,7812.64990234375,7837.0,7831.60009765625,130600.0,7831.60009765625
2015-11-26,7897.10009765625,7832.0,7837.14990234375,7883.7998046875,219800.0,7883.7998046875
2015-11-27,7959.2998046875,7879.4501953125,7910.60009765625,7942.7001953125,150300.0,7942.7001953125
2015-11-30,7966.0,7922.7998046875,7936.25,7935.25,216300.0,7935.25
2015-12-01,7972.14990234375,7934.14990234375,7958.14990234375,7954.89990234375,138600.0,7954.89990234375
2015-12-02,7979.2998046875,7910.7998046875,7976.7001953125,7931.35009765625,126300.0,7931.35009765625
2015-12-03,7912.2998046875,7853.2998046875,7902.2998046875,7864.14990234375,125700.0,7864.14990234375
2015-12-04,7821.39990234375,7775.7001953125,7817.60009765625,7781.89990234375,152500.0,7781.89990234375
2015-12-07,7825.39990234375,7746.0498046875,7816.5498046875,7765.39990234375,137600.0,7765.39990234375
2015-12-08,7771.25,7685.4501953125,7738.5,7701.7001953125,135100.0,7701.7001953125
2015-12-09,7702.85009765625,7606.89990234375,7695.5,7612.5,140000.0,7612.5
2015-12-10,7691.9501953125,7610.0,7643.2998046875,7683.2998046875,140800.0,7683.2998046875
2015-12-11,7703.0498046875,7575.2998046875,7699.60009765625,7610.4501953125,167800.0,7610.4501953125
2015-12-14,7663.9501953125,7551.0498046875,7558.2001953125,7650.0498046875,148900.0,7650.0498046875
2015-12-15,7705.0,7625.10009765625,7659.14990234375,7700.89990234375,134300.0,7700.89990234375
2015-12-16,7776.60009765625,7715.75,7725.25,7750.89990234375,154300.0,7750.89990234375
2015-12-17,7852.89990234375,7737.5498046875,7783.0498046875,7844.35009765625,175900.0,7844.35009765625
2015-12-18,7836.14990234375,7753.35009765625,7828.89990234375,7761.9501953125,191400.0,7761.9501953125
2015-12-21,7840.75,7733.4501953125,7745.64990234375,7834.4501953125,126300.0,7834.4501953125
2015-12-22,7846.2998046875,7776.85009765625,7829.39990234375,7786.10009765625,125700.0,7786.10009765625
2015-12-23,7871.4501953125,7826.10009765625,7830.4501953125,7865.9501953125,117900.0,7865.9501953125
2015-12-24,7888.75,7835.5,7888.75,7861.0498046875,93500.0,7861.0498046875
2015-12-28,7937.2001953125,7863.0,7863.2001953125,7925.14990234375,122900.0,7925.14990234375
2015-12-29,7942.14990234375,7902.75,7929.2001953125,7928.9501953125,113000.0,7928.9501953125
2015-12-30,7944.75,7889.85009765625,7938.60009765625,7896.25,106800.0,7896.25
2015-12-31,7955.5498046875,7891.14990234375,7897.7998046875,7946.35009765625,150900.0,7946.35009765625
2016-01-04,7937.5498046875,7781.10009765625,7924.5498046875,7791.2998046875,134700.0,7791.2998046875
2016-01-05,7831.2001953125,7763.25,7828.39990234375,7784.64990234375,145200.0,7784.64990234375
2016-01-06,7800.9501953125,7721.2001953125,7788.0498046875,7741.0,147100.0,7741.0
2016-01-07,7674.9501953125,7556.60009765625,7673.35009765625,7568.2998046875,188900.0,7568.2998046875
2016-01-08,7634.10009765625,7581.0498046875,7611.64990234375,7601.35009765625,157400.0,7601.35009765625
2016-01-11,7605.10009765625,7494.35009765625,7527.4501953125,7563.85009765625,189000.0,7563.85009765625
2016-01-12,7588.2998046875,7487.7998046875,7587.2001953125,7510.2998046875,163900.0,7510.2998046875
2016-01-13,7590.9501953125,7425.7998046875,7557.89990234375,7562.39990234375,215200.0,7562.39990234375
2016-01-14,7604.7998046875,7443.7998046875,7467.39990234375,7536.7998046875,200800.0,7536.7998046875
2016-01-15,7566.5,7427.2998046875,7561.64990234375,7437.7998046875,197500.0,7437.7998046875
2016-01-18,7463.64990234375,7336.39990234375,7420.35009765625,7351.0,233600.0,7351.0
2016-01-19,7462.75,7364.14990234375,7381.7998046875,7435.10009765625,188300.0,7435.10009765625
2016-01-20,7470.89990234375,7241.5,7357.0,7309.2998046875,225600.0,7309.2998046875
2016-01-21,7398.7001953125,7250.0,7376.64990234375,7276.7998046875,240700.0,7276.7998046875
2016-01-22,7433.39990234375,7327.60009765625,7355.7001953125,7422.4501953125,229200.0,7422.4501953125
2016-01-25,7487.14990234375,7421.2001953125,7468.75,7436.14990234375,163200.0,7436.14990234375
2016-01-27,7477.89990234375,7419.7001953125,7469.60009765625,7437.75,187600.0,7437.75
2016-01-28,7468.85009765625,7409.60009765625,7426.5,7424.64990234375,274500.0,7424.64990234375
2016-01-29,7575.64990234375,7402.7998046875,7413.35009765625,7563.5498046875,298700.0,7563.5498046875
2016-02-01,7600.4501953125,7541.25,7589.5,7555.9501953125,200400.0,7555.9501953125
2016-02-02,7576.2998046875,7428.0498046875,7566.64990234375,7455.5498046875,230200.0,7455.5498046875
2016-02-03,7419.39990234375,7350.2998046875,7392.4501953125,7361.7998046875,192000.0,7361.7998046875
2016-02-04,7457.0498046875,7365.9501953125,7411.4501953125,7404.0,222700.0,7404.0
2016-02-05,7503.14990234375,7406.64990234375,7418.25,7489.10009765625,249800.0,7489.10009765625
2016-02-08,7512.5498046875,7363.2001953125,7489.7001953125,7387.25,171500.0,7387.25
2016-02-09,7323.4501953125,7275.14990234375,7303.9501953125,7298.2001953125,212100.0,7298.2001953125
2016-02-10,7271.85009765625,7177.75,7264.2998046875,7215.7001953125,246900.0,7215.7001953125
2016-02-11,7208.64990234375,6959.9501953125,7203.60009765625,6976.35009765625,292300.0,6976.35009765625
2016-02-12,7034.7998046875,6869.0,7023.64990234375,6980.9501953125,333900.0,6980.9501953125
2016-02-15,7182.7998046875,7056.7998046875,7057.35009765625,7162.9501953125,354200.0,7162.9501953125
2016-02-16,7204.64990234375,7037.7001953125,7201.25,7048.25,253800.0,7048.25
2016-02-17,7123.7001953125,6960.64990234375,7058.85009765625,7108.4501953125,260000.0,7108.4501953125
2016-02-18,7215.10009765625,7127.85009765625,7177.39990234375,7191.75,246700.0,7191.75
2016-02-19,7226.85009765625,7145.9501953125,7170.5498046875,7210.75,192300.0,7210.75
2016-02-22,7252.39990234375,7200.7001953125,7208.85009765625,7234.5498046875,154400.0,7234.5498046875
2016-02-23,7241.7001953125,7090.7001953125,7240.2998046875,7109.5498046875,194400.0,7109.5498046875
2016-02-24,7090.7998046875,7009.75,7075.0,7018.7001953125,199700.0,7018.7001953125
2016-02-25,7034.2001953125,6961.39990234375,7029.85009765625,6970.60009765625,283100.0,6970.60009765625
2016-02-26,7052.89990234375,6985.10009765625,7039.2998046875,7029.75,206700.0,7029.75
2016-02-29,7094.60009765625,6825.7998046875,7050.4501953125,6987.0498046875,473400.0,6987.0498046875
2016-03-01,7235.5,7035.10009765625,7038.25,7222.2998046875,275100.0,7222.2998046875
2016-03-02,7380.35009765625,7308.14990234375,7321.7001953125,7368.85009765625,338500.0,7368.85009765625
2016-03-03,7483.9501953125,7406.0498046875,7429.5498046875,7475.60009765625,278600.0,7475.60009765625
2016-03-04,7505.89990234375,7444.10009765625,7505.39990234375,7485.35009765625,281700.0,7485.35009765625
2016-03-08,7527.14990234375,7442.14990234375,7486.39990234375,7485.2998046875,257000.0,7485.2998046875
2016-03-09,7539.0,7424.2998046875,7436.10009765625,7531.7998046875,245100.0,7531.7998046875
2016-03-10,7547.10009765625,7447.39990234375,7545.35009765625,7486.14990234375,224700.0,7486.14990234375
2016-03-11,7543.9501953125,7460.60009765625,7484.85009765625,7510.2001953125,198700.0,7510.2001953125
2016-03-14,7583.7001953125,7515.0498046875,7542.60009765625,7538.75,166900.0,7538.75
2016-03-15,7545.2001953125,7452.7998046875,7535.85009765625,7460.60009765625,193700.0,7460.60009765625
2016-03-16,7508.0,7405.14990234375,7457.0498046875,7498.75,195400.0,7498.75
2016-03-17,7585.2998046875,7479.39990234375,7557.39990234375,7512.5498046875,239600.0,7512.5498046875
2016-03-18,7613.60009765625,7517.89990234375,7534.64990234375,7604.35009765625,237400.0,7604.35009765625
2016-03-21,7713.5498046875,7617.7001953125,7619.2001953125,7704.25,196800.0,7704.25
2016-03-22,7728.2001953125,7643.7998046875,7695.5498046875,7714.89990234375,208900.0,7714.89990234375
2016-03-23,7726.85009765625,7670.60009765625,7717.4501953125,7716.5,199600.0,7716.5
2016-03-28,7749.39990234375,7587.7001953125,7741.0,7615.10009765625,242400.0,7615.10009765625
2016-03-29,7652.89990234375,7582.25,7606.5498046875,7597.0,216800.0,7597.0
2016-03-30,7741.9501953125,7643.4501953125,7651.10009765625,7735.2001953125,232600.0,7735.2001953125
2016-03-31,7777.60009765625,7702.0,7727.64990234375,7738.39990234375,380100.0,7738.39990234375
2016-04-01,7740.14990234375,7666.10009765625,7718.0498046875,7713.0498046875,183900.0,7713.0498046875
2016-04-04,7764.4501953125,7704.39990234375,7733.14990234375,7758.7998046875,155500.0,7758.7998046875
2016-04-05,7736.2998046875,7588.64990234375,7736.2998046875,7603.2001953125,203800.0,7603.2001953125
2016-04-06,7638.64990234375,7591.75,7636.0498046875,7614.35009765625,165600.0,7614.35009765625
2016-04-07,7630.75,7535.85009765625,7630.39990234375,7546.4501953125,234400.0,7546.4501953125
2016-04-08,7569.35009765625,7526.7001953125,7542.35009765625,7555.2001953125,143400.0,7555.2001953125
2016-04-11,7678.7998046875,7516.85009765625,7577.7998046875,7671.39990234375,179800.0,7671.39990234375
2016-04-12,7717.39990234375,7663.35009765625,7669.25,7708.9501953125,163400.0,7708.9501953125
2016-04-13,7864.7998046875,7772.2001953125,7777.14990234375,7850.4501953125,220400.0,7850.4501953125
2016-04-18,7920.60009765625,7842.75,7908.14990234375,7914.7001953125,184600.0,7914.7001953125
2016-04-20,7950.39990234375,7877.5498046875,7950.0498046875,7914.75,205300.0,7914.75
2016-04-21,7978.4501953125,7884.10009765625,7953.64990234375,7912.0498046875,223700.0,7912.0498046875
2016-04-22,7923.35009765625,7873.35009765625,7891.7998046875,7899.2998046875,183300.0,7899.2998046875
2016-04-25,7911.0,7827.0,7894.7998046875,7855.0498046875,146300.0,7855.0498046875
2016-04-26,7974.5,7822.5498046875,7828.14990234375,7962.64990234375,202400.0,7962.64990234375
2016-04-27,7991.0,7940.5498046875,7942.0,7979.89990234375,206800.0,7979.89990234375
2016-04-28,7992.0,7834.4501953125,7967.39990234375,7847.25,292500.0,7847.25
2016-04-29,7889.0498046875,7788.7001953125,7844.25,7849.7998046875,243700.0,7849.7998046875
2016-05-02,7829.7998046875,7777.2998046875,7822.7001953125,7805.89990234375,146300.0,7805.89990234375
2016-05-03,7890.25,7735.14990234375,7824.7998046875,7747.0,186500.0,7747.0
2016-05-04,7749.0,7697.25,7724.14990234375,7706.5498046875,199700.0,7706.5498046875
2016-05-05,7777.5498046875,7706.85009765625,7731.0,7735.5,185100.0,7735.5
2016-05-06,7738.89990234375,7678.35009765625,7717.64990234375,7733.4501953125,163600.0,7733.4501953125
2016-05-09,7873.64990234375,7753.5498046875,7755.25,7866.0498046875,160600.0,7866.0498046875
2016-05-10,7896.89990234375,7837.7001953125,7873.5498046875,7887.7998046875,162000.0,7887.7998046875
2016-05-11,7893.10009765625,7780.89990234375,7804.64990234375,7848.85009765625,214100.0,7848.85009765625
2016-05-12,7916.0498046875,7849.64990234375,7871.4501953125,7900.39990234375,152700.0,7900.39990234375
2016-05-13,7881.0,7784.2001953125,7881.0,7814.89990234375,179500.0,7814.89990234375
2016-05-16,7873.89990234375,7772.14990234375,7831.2001953125,7860.75,205200.0,7860.75
2016-05-17,7940.10009765625,7879.7001953125,7896.85009765625,7890.75,183400.0,7890.75
2016-05-18,7882.0498046875,7810.75,7846.75,7870.14990234375,156400.0,7870.14990234375
2016-05-19,7876.2001953125,7766.7998046875,7875.5,7783.39990234375,170400.0,7783.39990234375
2016-05-20,7812.39990234375,7735.75,7792.2001953125,7749.7001953125,157000.0,7749.7001953125
2016-05-23,7820.60009765625,7722.2001953125,7813.9501953125,7731.0498046875,172000.0,7731.0498046875
2016-05-24,7761.5498046875,7715.7998046875,7738.0498046875,7748.85009765625,147000.0,7748.85009765625
2016-05-25,7941.2001953125,7809.2998046875,7811.7998046875,7934.89990234375,176200.0,7934.89990234375
2016-05-26,8083.0,7948.5,7974.4501953125,8069.64990234375,264300.0,8069.64990234375
2016-05-27,8164.2001953125,8077.0498046875,8081.9501953125,8156.64990234375,260900.0,8156.64990234375
2016-05-30,8200.0,8150.7998046875,8166.5,8178.5,247400.0,8178.5
2016-05-31,8213.599609375,8134.2998046875,8209.849609375,8160.10009765625,471000.0,8160.10009765625
2016-06-01,8215.349609375,8171.0498046875,8179.2001953125,8179.9501953125,194400.0,8179.9501953125
2016-06-02,8229.5,8154.75,8156.89990234375,8218.9501953125,181700.0,8218.9501953125
2016-06-03,8262.0,8209.849609375,8246.2001953125,8220.7998046875,379000.0,8220.7998046875
2016-06-06,8234.7001953125,8186.0498046875,8228.75,8201.0498046875,171600.0,8201.0498046875
2016-06-07,8294.9501953125,8216.400390625,8235.5498046875,8266.4501953125,241900.0,8266.4501953125
2016-06-08,8288.900390625,8252.0498046875,8285.5,8273.0498046875,174300.0,8273.0498046875
2016-06-09,8273.349609375,8184.60009765625,8273.349609375,8203.599609375,174900.0,8203.599609375
2016-06-10,8265.599609375,8162.85009765625,8180.25,8170.0498046875,182200.0,8170.0498046875
2016-06-13,8125.25,8063.89990234375,8102.25,8110.60009765625,169700.0,8110.60009765625
2016-06-14,8134.9501953125,8069.5,8134.39990234375,8108.85009765625,145500.0,8108.85009765625
2016-06-15,8213.2001953125,8123.14990234375,8139.39990234375,8206.599609375,169800.0,8206.599609375
2016-06-16,8180.64990234375,8074.4501953125,8180.64990234375,8140.75,189200.0,8140.75
2016-06-17,8195.25,8135.7998046875,8176.64990234375,8170.2001953125,166600.0,8170.2001953125
2016-06-20,8244.150390625,8107.35009765625,8115.75,8238.5,168600.0,8238.5
2016-06-21,8257.25,8202.150390625,8255.400390625,8219.900390625,137000.0,8219.900390625
2016-06-22,8238.349609375,8153.25,8213.650390625,8203.7001953125,136100.0,8203.7001953125
2016-06-23,8285.599609375,8188.2998046875,8201.150390625,8270.4501953125,154100.0,8270.4501953125
2016-06-24,8100.7001953125,7927.0498046875,8029.10009765625,8088.60009765625,297600.0,8088.60009765625
2016-06-27,8120.64990234375,8039.35009765625,8039.35009765625,8094.7001953125,162500.0,8094.7001953125
2016-06-28,8146.35009765625,8086.85009765625,8096.0498046875,8127.85009765625,170400.0,8127.85009765625
2016-06-29,8212.400390625,8157.64990234375,8173.10009765625,8204.0,147000.0,8204.0
2016-06-30,8308.150390625,8242.099609375,8260.25,8287.75,279400.0,8287.75
2016-07-01,8356.75,8308.650390625,8313.0498046875,8328.349609375,165500.0,8328.349609375
2016-07-04,8398.4501953125,8364.7001953125,8376.75,8370.7001953125,154200.0,8370.7001953125
2016-07-05,8381.4501953125,8319.9501953125,8379.2998046875,8335.9501953125,139000.0,8335.9501953125
2016-07-07,8361.9501953125,8317.7001953125,8342.0,8337.900390625,155500.0,8337.900390625
2016-07-08,8353.2998046875,8287.5498046875,8350.0,8323.2001953125,137900.0,8323.2001953125
2016-07-11,8475.25,8407.0498046875,8413.349609375,8467.900390625,149800.0,8467.900390625
2016-07-12,8526.599609375,8479.2001953125,8502.599609375,8521.0498046875,183600.0,8521.0498046875
2016-07-13,8550.25,8493.5498046875,8540.4501953125,8519.5,195500.0,8519.5
2016-07-14,8571.400390625,8500.7001953125,8515.75,8565.0,153900.0,8565.0
2016-07-15,8594.7998046875,8510.0498046875,8565.4501953125,8541.400390625,221700.0,8541.400390625
2016-07-18,8587.099609375,8494.349609375,8564.0498046875,8508.7001953125,164300.0,8508.7001953125
2016-07-19,8540.0498046875,8476.7001953125,8514.2998046875,8528.5498046875,167900.0,8528.5498046875
2016-07-20,8569.900390625,8512.5498046875,8515.4501953125,8565.849609375,160300.0,8565.849609375
2016-07-21,8585.25,8503.4501953125,8582.7001953125,8510.099609375,150000.0,8510.099609375
2016-07-22,8548.9501953125,8489.7998046875,8519.650390625,8541.2001953125,143200.0,8541.2001953125
2016-07-25,8641.150390625,8517.2001953125,8519.9501953125,8635.650390625,150000.0,8635.650390625
2016-07-26,8644.900390625,8577.150390625,8633.75,8590.650390625,154800.0,8590.650390625
2016-07-27,8665.0,8572.0498046875,8599.400390625,8615.7998046875,184100.0,8615.7998046875
2016-07-28,8674.7001953125,8625.25,8636.9501953125,8666.2998046875,233500.0,8666.2998046875
2016-07-29,8670.349609375,8631.150390625,8668.2998046875,8638.5,157000.0,8638.5
2016-08-01,8711.2998046875,8590.5,8654.2998046875,8636.5498046875,188400.0,8636.5498046875
2016-08-02,8687.2001953125,8611.400390625,8647.4501953125,8622.900390625,169400.0,8622.900390625
2016-08-03,8635.4501953125,8529.599609375,8635.2001953125,8544.849609375,163000.0,8544.849609375
2016-08-04,8601.400390625,8518.150390625,8599.9501953125,8551.099609375,164700.0,8551.099609375
2016-08-05,8689.400390625,8590.150390625,8600.2001953125,8683.150390625,157900.0,8683.150390625
2016-08-08,8723.5,8697.599609375,8712.849609375,8711.349609375,172600.0,8711.349609375
2016-08-09,8728.349609375,8638.2001953125,8727.7998046875,8678.25,200100.0,8678.25
2016-08-10,8690.099609375,8564.599609375,8686.7001953125,8575.2998046875,173600.0,8575.2998046875
2016-08-11,8601.150390625,8540.0498046875,8572.7998046875,8592.150390625,189200.0,8592.150390625
2016-08-16,8682.349609375,8600.4501953125,8670.25,8642.5498046875,224800.0,8642.5498046875
2016-08-17,8667.099609375,8603.599609375,8639.7998046875,8624.0498046875,174100.0,8624.0498046875
2016-08-18,8690.7001953125,8645.0498046875,8648.849609375,8673.25,164300.0,8673.25
2016-08-19,8696.599609375,8647.099609375,8694.2998046875,8666.900390625,191900.0,8666.900390625
2016-08-22,8684.849609375,8614.0,8667.0,8629.150390625,152300.0,8629.150390625
2016-08-23,8642.150390625,8580.0,8628.349609375,8632.599609375,187500.0,8632.599609375
2016-08-24,8661.0498046875,8620.900390625,8648.5,8650.2998046875,149600.0,8650.2998046875
2016-08-25,8683.0498046875,8583.650390625,8668.849609375,8592.2001953125,213100.0,8592.2001953125
2016-08-26,8622.9501953125,8547.5498046875,8614.349609375,8572.5498046875,147500.0,8572.5498046875
2016-08-29,8622.0,8543.75,8583.75,8607.4501953125,129700.0,8607.4501953125
2016-08-30,8750.599609375,8642.25,8646.75,8744.349609375,150200.0,8744.349609375
2016-08-31,8819.2001953125,8754.0498046875,8754.0498046875,8786.2001953125,362200.0,8786.2001953125
2016-09-01,8813.25,8759.9501953125,8793.599609375,8774.650390625,238900.0,8774.650390625
2016-09-02,8824.099609375,8768.2001953125,8796.349609375,8809.650390625,191500.0,8809.650390625
2016-09-06,8950.849609375,8848.4501953125,8852.7001953125,8943.0,195600.0,8943.0
2016-09-07,8968.7001953125,8913.349609375,8968.7001953125,8917.9501953125,290100.0,8917.9501953125
2016-09-08,8960.349609375,8896.0,8915.5,8952.5,217200.0,8952.5
2016-09-09,8939.150390625,8858.7001953125,8934.2998046875,8866.7001953125,175900.0,8866.7001953125
2016-09-12,8746.9501953125,8699.400390625,8732.9501953125,8715.599609375,184500.0,8715.599609375
2016-09-14,8739.849609375,8688.900390625,8710.650390625,8726.599609375,184300.0,8726.599609375
2016-09-15,8751.9501953125,8704.349609375,8743.849609375,8742.5498046875,145400.0,8742.5498046875
2016-09-16,8847.650390625,8750.5,8780.849609375,8779.849609375,265800.0,8779.849609375
2016-09-19,8824.2998046875,8774.2001953125,8788.4501953125,8808.400390625,131700.0,8808.400390625
2016-09-20,8816.4501953125,8759.2998046875,8816.099609375,8775.900390625,136500.0,8775.900390625
2016-09-21,8826.849609375,8757.2998046875,8790.2998046875,8777.150390625,148800.0,8777.150390625
2016-09-22,8893.349609375,8837.7998046875,8873.349609375,8867.4501953125,172800.0,8867.4501953125
2016-09-23,8885.2001953125,8820.2998046875,8880.75,8831.5498046875,185900.0,8831.5498046875
2016-09-26,8809.5498046875,8715.099609375,8807.900390625,8723.0498046875,164000.0,8723.0498046875
2016-09-27,8768.5,8690.5,8748.900390625,8706.400390625,151400.0,8706.400390625
2016-09-28,8767.0498046875,8703.150390625,8711.2001953125,8745.150390625,165500.0,8745.150390625
2016-09-29,8800.650390625,8558.25,8792.7001953125,8591.25,372900.0,8591.25
2016-09-30,8637.150390625,8555.2001953125,8581.5,8611.150390625,181700.0,8611.150390625
2016-10-03,8745.2001953125,8635.0,8666.150390625,8738.099609375,137300.0,8738.099609375
2016-10-04,8783.650390625,8736.099609375,8770.0,8769.150390625,184300.0,8769.150390625
2016-10-05,8806.9501953125,8731.400390625,8806.349609375,8743.9501953125,157200.0,8743.9501953125
2016-10-06,8781.150390625,8684.650390625,8768.7001953125,8709.5498046875,163600.0,8709.5498046875
2016-10-07,8723.7001953125,8663.7998046875,8721.7001953125,8697.599609375,150400.0,8697.599609375
2016-10-10,8745.7998046875,8703.9501953125,8735.349609375,8708.7998046875,108400.0,8708.7998046875
2016-10-13,8681.5498046875,8541.349609375,8671.5,8573.349609375,212300.0,8573.349609375
2016-10-14,8604.4501953125,8549.7998046875,8594.0,8583.400390625,162800.0,8583.400390625
2016-10-17,8615.400390625,8506.150390625,8612.9501953125,8520.400390625,197400.0,8520.400390625
2016-10-18,8685.099609375,8555.900390625,8556.0498046875,8677.900390625,216600.0,8677.900390625
2016-10-19,8698.75,8636.7001953125,8697.5,8659.099609375,172100.0,8659.099609375
2016-10-20,8727.0,8678.2998046875,8693.349609375,8699.400390625,161000.0,8699.400390625
2016-10-21,8709.099609375,8652.0498046875,8708.599609375,8693.0498046875,157300.0,8693.0498046875
2016-10-24,8736.9501953125,8684.150390625,8709.849609375,8708.9501953125,157100.0,8708.9501953125
2016-10-25,8722.650390625,8663.4501953125,8721.7001953125,8691.2998046875,189800.0,8691.2998046875
2016-10-26,8657.2998046875,8596.599609375,8657.2998046875,8615.25,219300.0,8615.25
2016-10-27,8624.849609375,8550.25,8607.099609375,8615.25,242800.0,8615.25
2016-10-28,8653.75,8581.75,8625.0,8638.0,175500.0,8638.0
2016-11-01,8669.599609375,8614.5,8653.150390625,8626.25,165000.0,8626.25
2016-11-02,8549.5,8504.849609375,8542.7998046875,8514.0,155300.0,8514.0
2016-11-03,8537.650390625,8476.150390625,8499.849609375,8484.9501953125,170500.0,8484.9501953125
2016-11-04,8504.0,8400.25,8503.599609375,8433.75,224800.0,8433.75
2016-11-07,8535.849609375,8481.4501953125,8535.75,8497.0498046875,172800.0,8497.0498046875
2016-11-08,8559.400390625,8480.099609375,8540.0,8543.5498046875,195700.0,8543.5498046875
2016-11-09,8476.2001953125,8002.25,8067.5,8432.0,314300.0,8432.0
2016-11-10,8598.4501953125,8510.7001953125,8555.599609375,8525.75,263100.0,8525.75
2016-11-11,8460.599609375,8284.9501953125,8456.650390625,8296.2998046875,266900.0,8296.2998046875
2016-11-15,8288.5498046875,8093.2001953125,8284.849609375,8108.4501953125,359200.0,8108.4501953125
2016-11-16,8210.0498046875,8089.39990234375,8205.650390625,8111.60009765625,269500.0,8111.60009765625
2016-11-17,8151.25,8060.2998046875,8105.10009765625,8079.9501953125,191300.0,8079.9501953125
2016-11-18,8128.9501953125,8048.2998046875,8097.5498046875,8074.10009765625,161200.0,8074.10009765625
2016-11-21,8102.4501953125,7916.39990234375,8102.10009765625,7929.10009765625,218800.0,7929.10009765625
2016-11-22,8019.0498046875,7938.14990234375,7989.14990234375,8002.2998046875,210200.0,8002.2998046875
2016-11-23,8055.2001953125,7973.10009765625,8051.2001953125,8033.2998046875,181000.0,8033.2998046875
2016-11-24,8024.85009765625,7952.5498046875,8011.7998046875,7965.5,260500.0,7965.5
2016-11-25,8122.25,7976.75,8007.9501953125,8114.2998046875,177900.0,8114.2998046875
2016-11-28,8146.5,8066.5,8080.64990234375,8126.89990234375,189700.0,8126.89990234375
2016-11-29,8197.349609375,8128.7001953125,8131.5498046875,8142.14990234375,189700.0,8142.14990234375
2016-11-30,8234.25,8139.25,8172.14990234375,8224.5,248000.0,8224.5
2016-12-01,8250.7998046875,8185.0498046875,8244.0,8192.900390625,157700.0,8192.900390625
2016-12-02,8159.2998046875,8070.0498046875,8153.5498046875,8086.7998046875,171500.0,8086.7998046875
2016-12-05,8141.89990234375,8056.85009765625,8088.75,8128.75,126500.0,8128.75
2016-12-06,8178.7001953125,8130.85009765625,8153.14990234375,8143.14990234375,115300.0,8143.14990234375
2016-12-07,8190.4501953125,8077.5,8168.39990234375,8102.0498046875,169800.0,8102.0498046875
2016-12-08,8256.25,8151.75,8152.10009765625,8246.849609375,142500.0,8246.849609375
2016-12-09,8274.9501953125,8241.9501953125,8271.7001953125,8261.75,149700.0,8261.75
2016-12-12,8230.650390625,8154.4501953125,8230.650390625,8170.7998046875,108100.0,8170.7998046875
2016-12-13,8228.849609375,8155.7998046875,8196.150390625,8221.7998046875,184000.0,8221.7998046875
2016-12-14,8229.400390625,8165.10009765625,8229.349609375,8182.4501953125,144600.0,8182.4501953125
2016-12-15,8225.900390625,8121.9501953125,8128.39990234375,8153.60009765625,181800.0,8153.60009765625
2016-12-16,8178.7001953125,8127.4501953125,8178.2001953125,8139.4501953125,203000.0,8139.4501953125
2016-12-19,8132.5,8094.85009765625,8126.0,8104.35009765625,107400.0,8104.35009765625
2016-12-20,8124.10009765625,8062.75,8110.60009765625,8082.39990234375,128000.0,8082.39990234375
2016-12-21,8112.5498046875,8053.25,8105.85009765625,8061.2998046875,123700.0,8061.2998046875
2016-12-22,8046.4501953125,7964.9501953125,8043.85009765625,7979.10009765625,122600.0,7979.10009765625
2016-12-23,8022.60009765625,7942.0498046875,7972.5,7985.75,124100.0,7985.75
2016-12-26,7970.0498046875,7893.7998046875,7965.10009765625,7908.25,106900.0,7908.25
2016-12-27,8044.64990234375,7903.7001953125,7915.0498046875,8032.85009765625,118800.0,8032.85009765625
2016-12-28,8100.5498046875,8028.39990234375,8047.5498046875,8034.85009765625,126700.0,8034.85009765625
2016-12-29,8111.10009765625,8020.7998046875,8030.60009765625,8103.60009765625,178500.0,8103.60009765625
2016-12-30,8197.0,8114.75,8119.64990234375,8185.7998046875,127600.0,8185.7998046875
2017-01-02,8212.0,8133.7998046875,8210.099609375,8179.5,118300.0,8179.5
