,Date,Open,Low,High,Close,S/L
0,2006-10-02,75.1,74.3,75.87,74.86,Null
1,2006-10-03,74.45,73.19,74.95,74.07,Null
2,2006-10-04,74.1,73.16,75.462,75.38,Null
3,2006-10-05,74.53,74.13,76.16,74.83,Null
4,2006-10-06,74.42,73.81,75.04,74.22,Null
5,2006-10-09,73.8,73.53,75.08,74.63,Null
6,2006-10-10,74.54,73.08,74.58,73.81,Null
7,2006-10-11,73.42,72.6,73.98,73.23,Stoploss
8,2006-10-12,73.61,73.6,75.39,75.26,Null
9,2006-10-13,75.63,74.74,76.88,75.02,Null
10,2006-10-16,75.19,74.789,75.88,75.4,Null
11,2006-10-17,75.04,74.04,75.27,74.29,Null
12,2006-10-18,74.75,73.91,78.59,74.53,Null
13,2006-10-19,79.26,78.16,79.95,78.99,Null
14,2006-10-20,78.97,78.67,79.99,79.95,Null
15,2006-10-23,79.99,79.75,81.9,81.46,Null
16,2006-10-24,81.21,80.2,81.68,81.05,Null
17,2006-10-25,81.35,81.01,82.0,81.68,Null
18,2006-10-26,81.9,81.13,82.6,82.19,Null
19,2006-10-27,81.75,80.01,82.45,80.41,Null
20,2006-10-30,79.985,79.5,80.9,80.42,Null
21,2006-10-31,81.45,80.23,81.68,81.08,Null
22,2006-11-01,81.1,78.36,81.38,79.16,Stoploss
23,2006-11-02,78.915,78.5,79.32,78.98,Stoploss
24,2006-11-03,79.36,77.79,79.53,78.29,Stoploss
25,2006-11-06,78.95,78.43,80.06,79.71,Stoploss
26,2006-11-07,80.45,80.13,81.0,80.51,Null
27,2006-11-08,80.02,79.89,82.69,82.45,Null
28,2006-11-09,82.9,82.12,84.69,83.34,Null
29,2006-11-10,83.55,82.5,83.6,83.12,Null
30,2006-11-13,83.22,82.64,84.45,84.35,Null
31,2006-11-14,84.8,83.9,85.0,85.0,Null
32,2006-11-15,85.05,84.0,85.9,84.05,Null
33,2006-11-16,84.87,84.62,86.3,85.61,Null
34,2006-11-17,85.145,85.0,85.94,85.85,Null
35,2006-11-20,85.4,85.2,87.0,86.47,Null
36,2006-11-21,87.42,87.11,88.6,88.6,Null
37,2006-11-22,88.99,87.85,90.75,90.31,Null
38,2006-11-24,89.53,89.5,93.08,91.63,Null
39,2006-11-27,92.51,89.5,93.15899999999999,89.54,Stoploss
40,2006-11-28,90.36,89.91,91.97,91.81,Null
41,2006-11-29,93.0,90.25,93.15,91.8,Null
42,2006-11-30,92.215,91.06,92.68,91.66,Null
43,2006-12-01,91.8,90.1,92.33,91.32,Null
44,2006-12-04,91.88,90.5,92.05,91.12,Null
45,2006-12-05,91.655,90.87,92.33,91.27,Null
46,2006-12-06,90.645,89.67,91.39,89.83,Null
47,2006-12-07,90.025,86.9,90.5,87.04,Stoploss
48,2006-12-08,87.23,87.0,89.39,88.26,Stoploss
49,2006-12-11,88.9,88.05,89.3,88.75,Stoploss
50,2006-12-12,88.61,85.53,88.84,86.14,Stoploss
51,2006-12-13,87.95,87.15,89.07,89.05,Stoploss
52,2006-12-14,89.05,88.26,90.0,88.55,Stoploss
53,2006-12-15,89.02,87.33,89.22,87.72,Stoploss
54,2006-12-18,87.625,84.59,88.0,85.47,Stoploss
55,2006-12-19,84.73,83.62,86.68,86.31,Stoploss
56,2006-12-20,86.47,84.74,86.67,84.76,Stoploss
57,2006-12-21,84.6956,82.2,85.48,82.9,Stoploss
58,2006-12-22,83.46,81.6,84.0391,82.2,Stoploss
59,2006-12-26,82.15,80.89,82.57,81.51,Stoploss
60,2006-12-27,78.15,76.77,82.0,81.52,Stoploss
61,2006-12-28,80.22,79.65,81.25,80.87,Stoploss
62,2006-12-29,83.95,83.36,85.4,84.84,Stoploss
63,2007-01-03,86.29,81.9,86.58,83.8,Stoploss
64,2007-01-04,84.05,83.82,85.95,85.66,Stoploss
65,2007-01-05,85.77,84.4,86.2,85.05,Stoploss
66,2007-01-08,85.96,85.28,86.53,85.47,Stoploss
67,2007-01-09,86.45,85.15,92.98,92.57,Null
68,2007-01-10,94.75,93.45,97.8,97.0,Null
69,2007-01-11,95.94,95.1,96.78,95.8,Null
70,2007-01-12,94.59,93.23,95.06,94.62,Stoploss
71,2007-01-16,95.68,95.45,97.25,97.1,Null
72,2007-01-17,97.56,94.82,97.6,94.95,Stoploss
73,2007-01-18,92.1,89.05,92.11,89.07,Stoploss
74,2007-01-19,88.63,88.12,89.65,88.5,Stoploss
75,2007-01-22,89.14,85.65,89.16,86.79,Stoploss
76,2007-01-23,85.73,85.51,87.51,85.7,Stoploss
77,2007-01-24,86.68,86.08,87.15,86.7,Stoploss
78,2007-01-25,87.111,86.03,88.5,86.25,Stoploss
79,2007-01-26,87.115,84.99,87.37,85.38,Stoploss
80,2007-01-29,86.3,85.53,86.65,85.94,Stoploss
81,2007-01-30,86.43,85.25,86.49,85.55,Stoploss
82,2007-01-31,84.86,84.35,86.0,85.73,Stoploss
83,2007-02-01,86.23,84.74,86.27,84.74,Stoploss
84,2007-02-02,84.12,83.7,85.25,84.75,Stoploss
85,2007-02-05,84.3,83.94,85.23,83.94,Stoploss
86,2007-02-06,84.45,82.86,84.47,84.15,Stoploss
87,2007-02-07,84.48,83.55,86.38,86.15,Stoploss
88,2007-02-08,85.43,85.41,86.51,86.18,Stoploss
89,2007-02-09,85.88,83.21,86.2,83.27,Stoploss
90,2007-02-12,84.43,83.63,85.18,84.88,Stoploss
91,2007-02-13,85.16,84.3,85.29,84.7,Stoploss
92,2007-02-14,84.63,84.57,85.64,85.3,Stoploss
93,2007-02-15,85.44,84.78,85.62,85.21,Stoploss
94,2007-02-16,85.25,84.66,85.41,84.83,Stoploss
95,2007-02-20,84.65,84.16,86.16,85.9,Stoploss
96,2007-02-21,85.98,85.96,89.49,89.2,Stoploss
97,2007-02-22,90.8,88.53,90.81,89.51,Stoploss
98,2007-02-23,89.16,88.85,90.34,89.07,Stoploss
99,2007-02-26,89.84,87.61,90.0,88.65,Stoploss
100,2007-02-27,86.3,83.41,87.08,83.93,Stoploss
101,2007-02-28,83.0,83.0,85.6,84.61,Stoploss
102,2007-03-01,84.03,83.75,88.31,87.06,Stoploss
103,2007-03-02,86.77,85.21,87.54,85.41,Stoploss
104,2007-03-05,85.89,85.76,88.65,86.3199,Stoploss
105,2007-03-06,87.8,87.4,88.31,88.19,Stoploss
106,2007-03-07,88.05,87.45,88.97,87.72,Stoploss
107,2007-03-08,88.59,87.46,88.72,88.0,Stoploss
108,2007-03-09,88.8,87.4,88.85,87.97,Stoploss
109,2007-03-12,88.07,87.99,89.99,89.87,Stoploss
110,2007-03-13,89.41,88.4,90.6,88.4,Stoploss
111,2007-03-14,88.6,87.92,90.0,90.0,Stoploss
112,2007-03-15,89.96,89.31,90.36,89.57,Stoploss
113,2007-03-16,89.538,89.32,89.99,89.59,Stoploss
114,2007-03-19,90.24,89.59,91.55,91.13,Stoploss
115,2007-03-20,91.35,91.06,91.84,91.48,Stoploss
116,2007-03-21,91.99,91.65,94.0,93.87,Stoploss
117,2007-03-22,93.73,93.0,94.36,93.96,Stoploss
118,2007-03-23,93.35,93.3,94.07,93.52,Stoploss
119,2007-03-26,93.99,93.3,95.9,95.85,Null
120,2007-03-27,95.71,95.0,96.83,95.46,Null
121,2007-03-28,94.88,93.15,95.4,93.24,Stoploss
122,2007-03-29,94.19,92.23,94.19,93.75,Stoploss
123,2007-03-30,94.28,92.75,94.68,92.91,Stoploss
124,2007-04-02,94.14,93.02,94.25,93.65,Stoploss
125,2007-04-03,94.14,93.76,95.23,94.5,Stoploss
126,2007-04-04,94.94,94.13,95.14,94.27,Stoploss
127,2007-04-05,94.12,93.52,94.68,94.68,Stoploss
128,2007-04-09,95.21,93.04,95.3,93.65,Stoploss
129,2007-04-10,93.67,93.41,94.258,94.25,Stoploss
130,2007-04-11,93.9,92.33,93.95,92.59,Stoploss
131,2007-04-12,92.04,90.72,92.31,92.19,Stoploss
132,2007-04-13,90.9,90.0599,91.4001,90.24,Stoploss
133,2007-04-16,90.57,90.25,91.5,91.43,Stoploss
134,2007-04-17,92.0,89.7,92.3,90.35,Stoploss
135,2007-04-18,90.16,89.6,90.85,90.4,Stoploss
136,2007-04-19,90.19,89.83,91.25,90.27,Stoploss
137,2007-04-20,90.889,90.55,91.18,90.97,Stoploss
138,2007-04-23,91.585,91.42,93.8,93.51,Stoploss
139,2007-04-24,93.96,91.3,96.39,93.24,Stoploss
140,2007-04-25,94.23,93.8,95.4,95.348,Null
141,2007-04-26,101.58,98.3,102.5,98.84,Null
142,2007-04-27,98.18,97.69,99.95,99.92,Null
143,2007-04-30,100.09,99.67,101.0,99.8,Null
144,2007-05-01,99.59,98.55,100.35,99.47,Null
145,2007-05-02,99.65,99.47,100.54,100.39,Null
146,2007-05-03,100.73,100.01,101.45,100.4,Null
147,2007-05-04,100.8,100.5,101.6,100.81,Null
148,2007-05-07,101.08,101.01,104.35,103.92,Null
149,2007-05-08,103.47,103.42,105.15,105.06,Null
150,2007-05-09,104.91,104.89,106.96,106.88,Null
151,2007-05-10,106.63,105.92,108.84,107.34,Null
152,2007-05-11,107.74,106.78,109.13,108.74,Null
153,2007-05-14,109.62,108.25,110.0,109.36,Null
154,2007-05-15,109.57,106.48,110.2,107.52,Null
155,2007-05-16,108.53,103.42,108.83,107.34,Stoploss
156,2007-05-17,107.15,107.15,109.87,109.44,Null
157,2007-05-18,110.23,109.77,110.64,110.02,Null
158,2007-05-21,110.31,110.05,112.45,111.98,Null
159,2007-05-22,112.49,112.01,113.75,113.54,Null
160,2007-05-23,114.02,112.59,115.0,112.89,Null
161,2007-05-24,112.81,110.37,114.46,110.69,Stoploss
162,2007-05-25,112.0,111.5,113.78,113.62,Null
163,2007-05-29,114.45,112.69,114.86,114.35,Null
164,2007-05-30,114.3,113.53,118.88,118.77,Null
165,2007-05-31,120.07,119.541,122.17,121.191,Null
166,2007-06-01,121.1,118.29,121.19,118.4,Stoploss
167,2007-06-04,118.63,117.9,121.73,121.33,Null
168,2007-06-05,121.41,120.5,122.69,122.67,Null
169,2007-06-06,122.3,121.95,124.05,123.64,Null
170,2007-06-07,124.99,123.19,127.61,124.069,Null
171,2007-06-08,125.825,122.29,125.83,124.49,Null
172,2007-06-11,126.0,119.54,126.15,120.19,Stoploss
173,2007-06-12,119.35,118.31,121.71,120.38,Stoploss
174,2007-06-13,121.15,115.4,121.19,117.5,Stoploss
175,2007-06-14,117.2,116.42,119.45,118.75,Stoploss
176,2007-06-15,120.62,119.86,120.67,120.5,Stoploss
177,2007-06-18,123.28,122.54,125.18,125.09,Null
178,2007-06-19,124.69,122.91,125.01,123.66,Null
179,2007-06-20,123.87,121.5,124.66,121.55,Stoploss
180,2007-06-21,121.7,120.72,124.29,123.9,Null
181,2007-06-22,123.85,122.38,124.45,123.0,Stoploss
182,2007-06-25,124.19,121.06,125.09,122.34,Stoploss
183,2007-06-26,123.98,118.72,124.0,119.65,Stoploss
184,2007-06-27,120.61,119.26,122.04,121.89,Stoploss
185,2007-06-28,122.36,120.0,122.49,120.56,Stoploss
186,2007-06-29,121.97,121.09,124.0,122.04,Stoploss
187,2007-07-02,121.05,119.3,122.09,121.26,Stoploss
188,2007-07-03,122.0,121.5,127.4,127.17,Null
189,2007-07-05,128.8,128.69,132.97,132.75,Null
190,2007-07-06,133.13,130.4,133.34,132.3,Null
191,2007-07-09,132.38,129.18,132.9,130.3301,Stoploss
192,2007-07-10,128.88,128.81,134.5,132.35,Null
193,2007-07-11,132.07,131.31,133.7,132.39,Null
194,2007-07-12,133.85,132.39,134.24,134.0699,Null
195,2007-07-13,135.03,134.52,137.85,137.73,Null
196,2007-07-16,138.39,137.5,139.98,138.1,Null
197,2007-07-17,138.3,137.5,139.6,138.9099,Null
198,2007-07-18,138.19,136.04,138.44,138.12,Null
199,2007-07-19,140.3,139.65,140.81,140.0,Null
200,2007-07-20,141.65,140.0,144.18,143.75,Null
201,2007-07-23,143.31,140.93,145.22,143.7,Null
202,2007-07-24,138.88,134.15,141.0,134.8899,Stoploss
203,2007-07-25,137.35,135.0,138.36,137.26,Stoploss
204,2007-07-26,145.87,136.96,148.5,146.0,Null
205,2007-07-27,146.19,143.78,148.92,143.85,Stoploss
206,2007-07-30,144.33,139.57,145.45,141.43,Stoploss
207,2007-07-31,142.97,131.52,143.48,131.76,Stoploss
208,2007-08-01,133.64,127.77,135.38,135.0,Stoploss
209,2007-08-02,136.65,134.15,136.96,136.49,Stoploss
210,2007-08-03,135.26,131.5,135.95,131.8499,Stoploss
211,2007-08-06,132.9,128.3,135.27,135.25,Stoploss
212,2007-08-07,134.94,132.63,137.24,135.0301,Stoploss
213,2007-08-08,136.76,132.0,136.86,134.01,Stoploss
214,2007-08-09,131.11,125.09,133.0,126.39,Stoploss
215,2007-08-10,123.12,120.3,127.75,125.0,Stoploss
216,2007-08-13,128.33,126.5,129.35,127.79,Stoploss
217,2007-08-14,128.29,123.71,128.3,124.03,Stoploss
218,2007-08-15,122.74,119.65,124.86,119.9,Stoploss
219,2007-08-16,117.01,111.62,118.5,117.05,Stoploss
220,2007-08-17,122.01,119.82,123.5,122.06,Stoploss
221,2007-08-20,123.96,120.5,124.5,122.22,Stoploss
222,2007-08-21,122.21,121.0,128.96,127.57,Stoploss
223,2007-08-22,131.22,130.33,132.75,132.51,Stoploss
224,2007-08-23,133.09,129.76,133.34,131.07,Stoploss
225,2007-08-24,130.53,129.81,135.37,135.3,Stoploss
226,2007-08-27,133.3907,132.1,134.66,132.25,Stoploss
227,2007-08-28,130.99,126.63,132.41,126.82,Stoploss
228,2007-08-29,129.88,129.54,134.18,134.08,Stoploss
229,2007-08-30,132.67,132.3,138.25,136.25,Stoploss
230,2007-08-31,139.49,137.41,139.65,138.48,Stoploss
231,2007-09-04,139.94,139.84,145.73,144.16,Null
232,2007-09-05,144.97,136.1,145.84,136.76,Stoploss
233,2007-09-06,135.57,132.71,137.57,135.01,Stoploss
234,2007-09-07,132.01,130.0,132.3,131.77,Stoploss
235,2007-09-10,137.0,133.95,138.04,136.71,Stoploss
236,2007-09-11,137.9,133.75,138.3,135.49,Stoploss
237,2007-09-12,135.99,135.75,139.4,136.85,Stoploss
238,2007-09-13,138.83,136.65,139.0,137.2,Stoploss
239,2007-09-14,136.57,136.2,138.98,138.81,Stoploss
240,2007-09-17,138.99,137.6,140.59,138.41,Stoploss
241,2007-09-18,139.05,137.83,142.85,140.92,Stoploss
242,2007-09-19,143.02,139.4,143.16,140.7699,Stoploss
243,2007-09-20,140.15,139.32,141.79,140.31,Stoploss
244,2007-09-21,141.14,140.31,144.65,144.15,Null
245,2007-09-24,146.73,146.65,149.85,148.28,Null
246,2007-09-25,146.84,146.82,153.22,153.18,Null
247,2007-09-26,154.47,151.25,155.0,152.77,Null
248,2007-09-27,153.77,152.32,154.52,154.5,Null
249,2007-09-28,153.44,152.75,154.6,153.47,Null
250,2007-10-01,154.63,152.93,157.41,156.339,Null
251,2007-10-02,156.55,155.89,158.59,158.45,Null
252,2007-10-03,157.78,157.01,159.18,157.9201,Null
253,2007-10-04,158.0,153.5,158.08,156.24,Stoploss
254,2007-10-05,158.36,157.7,161.58,161.4499,Null
255,2007-10-08,163.49,162.97,167.91,167.91,Null
256,2007-10-09,170.2,166.68,171.11,167.86,Null
257,2007-10-10,167.55,165.6,167.88,166.79,Null
258,2007-10-11,169.49,153.21,171.88,162.23,Stoploss
259,2007-10-12,163.01,161.8,167.28,167.2537,Null
260,2007-10-15,167.98,163.5,169.57,166.98,Null
261,2007-10-16,165.54,165.15,170.18,169.58,Null
262,2007-10-17,172.69,169.18,173.04,172.75,Null
263,2007-10-18,171.5,171.05,174.19,173.5,Null
264,2007-10-19,174.24,170.0,174.63,170.42,Stoploss
265,2007-10-22,170.35,169.9601,174.9,174.36,Null
266,2007-10-23,188.56,182.76,188.6,186.16,Null
267,2007-10-24,185.81,179.24,187.21,185.93,Null
268,2007-10-25,184.87,181.66,185.9,182.78,Stoploss
269,2007-10-26,185.29,182.88,185.37,184.7,Null
270,2007-10-29,185.7,184.7,186.59,185.09,Null
271,2007-10-30,186.18,184.73,189.37,187.0,Null
272,2007-10-31,187.63,184.95,190.12,189.95,Null
273,2007-11-01,188.6,180.0,190.1,187.44,Stoploss
274,2007-11-02,189.21,183.49,189.44,187.87,Stoploss
275,2007-11-05,185.29,184.24,188.96,186.18,Stoploss
276,2007-11-06,187.05,185.27,192.0,191.79,Null
277,2007-11-07,190.61,186.13,192.68,186.2999,Stoploss
278,2007-11-08,186.67,167.77,186.9,175.4663,Stoploss
279,2007-11-09,171.15,165.21,175.12,165.37,Stoploss
280,2007-11-12,165.28,150.63,167.7,153.76,Stoploss
281,2007-11-13,160.85,153.76,170.98,169.96,Stoploss
282,2007-11-14,177.16,163.74,177.57,166.11,Stoploss
283,2007-11-15,166.39,160.3,169.59,164.3,Stoploss
284,2007-11-16,165.3,159.33,167.02,166.39,Stoploss
285,2007-11-19,166.1,162.1,168.2,163.95,Stoploss
286,2007-11-20,165.67,163.53,171.79,168.85,Stoploss
287,2007-11-21,165.84,164.67,172.35,168.46,Stoploss
288,2007-11-23,172.0,169.75,172.05,171.54,Stoploss
289,2007-11-26,173.59,172.35,177.2699,172.5419,Stoploss
290,2007-11-27,175.22,170.01,175.79,174.81,Stoploss
291,2007-11-28,176.82,175.35,180.6,180.22,Stoploss
292,2007-11-29,179.43,179.15,185.17,184.29,Stoploss
293,2007-11-30,187.34,179.7,187.7,182.22,Stoploss
294,2007-12-03,181.86,177.7,184.14,178.86,Stoploss
295,2007-12-04,177.15,176.99,180.9,179.81,Stoploss
296,2007-12-05,182.89,182.41,186.0,185.5,Stoploss
297,2007-12-06,186.19,186.12,190.1,189.9528,Null
298,2007-12-07,190.54,188.04,194.99,194.3,Null
299,2007-12-10,193.59,192.69,195.66,194.21,Null
300,2007-12-11,194.75,187.39,196.83,188.5404,Stoploss
301,2007-12-12,193.44,185.76,194.48,190.86,Stoploss
302,2007-12-13,190.19,187.82,192.12,191.83,Stoploss
303,2007-12-14,190.37,189.54,200.0,190.39,Stoploss
304,2007-12-17,190.72,182.98,192.65,184.4,Stoploss
305,2007-12-18,186.52,178.6,187.33,182.98,Stoploss
306,2007-12-19,182.98,180.9,184.6394,183.12,Stoploss
307,2007-12-20,185.43,183.33,187.83,187.21,Stoploss
308,2007-12-21,190.12,189.89,193.9125,193.91,Null
309,2007-12-24,195.03,194.79,199.33,198.8,Null
310,2007-12-26,199.01,196.82,200.96,198.95,Null
311,2007-12-27,198.95,197.8,202.96,198.57,Null
312,2007-12-28,200.59,196.8801,201.56,199.83,Null
313,2007-12-31,199.5,197.75,200.5,198.08,Null
314,2008-01-02,199.27,192.55,200.26,194.84,Stoploss
315,2008-01-03,195.41,192.69,197.39,194.93,Stoploss
316,2008-01-04,191.45,178.89,193.0,180.05,Stoploss
317,2008-01-07,181.25,170.23,183.6,177.64,Stoploss
318,2008-01-08,180.14,170.8,182.46,171.25,Stoploss
319,2008-01-09,171.3,168.3,179.5,179.4,Stoploss
320,2008-01-10,177.58,175.41,181.0,178.02,Stoploss
321,2008-01-11,176.0,170.0,177.85,172.69,Stoploss
322,2008-01-14,177.52,175.17,179.42,178.78,Stoploss
323,2008-01-15,177.72,164.66,179.22,169.04,Stoploss
324,2008-01-16,165.23,156.7,169.01,159.64,Stoploss
325,2008-01-17,161.51,158.42,165.36,160.89,Stoploss
326,2008-01-18,161.71,159.61,165.75,161.36,Stoploss
327,2008-01-22,148.06,146.0,159.98,155.64,Stoploss
328,2008-01-23,136.19,126.14,140.0,139.072,Stoploss
329,2008-01-24,139.99,132.01,140.7,135.6,Stoploss
330,2008-01-25,138.99,129.61,139.09,130.01,Stoploss
331,2008-01-28,128.16,126.45,133.2,130.01,Stoploss
332,2008-01-29,131.15,129.05,132.79,131.54,Stoploss
333,2008-01-30,131.37,130.0,135.45,132.18,Stoploss
334,2008-01-31,129.45,129.4,136.65,135.36,Stoploss
335,2008-02-01,136.24,132.18,136.59,133.75,Stoploss
336,2008-02-04,134.21,131.42,135.9,131.65,Stoploss
337,2008-02-05,130.43,128.9,134.0,129.36,Stoploss
338,2008-02-06,130.83,121.77,131.92,122.0,Stoploss
339,2008-02-07,119.97,117.27,124.78,121.24,Stoploss
340,2008-02-08,122.08,121.6,125.7,125.48,Stoploss
341,2008-02-11,128.01,127.2,129.98,129.45,Stoploss
342,2008-02-12,130.7,123.62,131.0,124.86,Stoploss
343,2008-02-13,126.68,125.63,129.78,129.4,Stoploss
344,2008-02-14,129.4,127.01,130.8,127.46,Stoploss
345,2008-02-15,126.27,124.06,127.08,124.63,Stoploss
346,2008-02-19,125.99,121.44,126.75,122.18,Stoploss
347,2008-02-20,122.2,121.68,124.6,123.82,Stoploss
348,2008-02-21,126.05,120.86,126.47,121.54,Stoploss
349,2008-02-22,122.48,115.87,122.51,119.46,Stoploss
350,2008-02-25,118.59,116.664,120.17,119.74,Stoploss
351,2008-02-26,117.64,115.44,121.09,119.15,Stoploss
352,2008-02-27,118.23,118.09,123.05,122.96,Stoploss
353,2008-02-28,127.2,125.77,132.2,129.91,Stoploss
354,2008-02-29,129.75,124.8,130.21,125.02,Stoploss
355,2008-03-03,124.44,118.0,125.98,121.73,Stoploss
356,2008-03-04,121.99,120.4,124.88,124.62,Stoploss
357,2008-03-05,123.58,122.25,125.14,124.4899,Stoploss
358,2008-03-06,124.4899,120.81,127.5,120.93,Stoploss
359,2008-03-07,120.41,119.05,122.9799,122.25,Stoploss
360,2008-03-10,121.98,119.37,123.46,119.69,Stoploss
361,2008-03-11,124.1,122.0,127.48,127.3501,Stoploss
362,2008-03-12,127.04,125.17,128.68,126.03,Stoploss
363,2008-03-13,124.1,123.0,129.5,127.94,Stoploss
364,2008-03-14,129.88,124.2,130.3,126.61,Stoploss
365,2008-03-17,122.55,122.55,128.59,126.73,Stoploss
366,2008-03-18,129.18,128.67,133.0015,132.82,Stoploss
367,2008-03-19,133.12,129.67,134.29,129.67,Stoploss
368,2008-03-20,131.12,129.18,133.2915,133.27,Stoploss
369,2008-03-24,134.01,133.64,140.85,139.53,Stoploss
370,2008-03-25,139.96,137.33,143.1,140.98,Stoploss
371,2008-03-26,140.87,140.64,145.74,145.06,Stoploss
372,2008-03-27,144.95,139.99,145.31,140.25,Stoploss
373,2008-03-28,141.8,141.6,144.65,143.01,Stoploss
374,2008-03-31,143.27,142.52,145.71,143.5,Stoploss
375,2008-04-01,146.3,143.61,149.66,149.5301,Stoploss
376,2008-04-02,148.78,145.85,151.2,147.49,Stoploss
377,2008-04-03,147.06,147.0,153.63,151.61,Stoploss
378,2008-04-04,152.19,150.75,154.715,153.08,Stoploss
379,2008-04-07,156.13,155.11,159.69,155.89,Stoploss
380,2008-04-08,153.55,152.32,156.45,152.84,Stoploss
381,2008-04-09,153.31,150.46,153.89,151.44,Stoploss
382,2008-04-10,151.13,150.6,155.42,154.55,Stoploss
383,2008-04-11,152.72,146.4,153.3,147.14,Stoploss
384,2008-04-14,146.77,144.54,149.25,147.78,Stoploss
385,2008-04-15,149.4,145.72,149.72,148.38,Stoploss
386,2008-04-16,151.76,150.62,154.1,153.7,Stoploss
387,2008-04-17,154.18,153.35,156.0,154.49,Stoploss
388,2008-04-18,159.04,158.38,162.26,161.04,Stoploss
389,2008-04-21,162.35,161.76,168.5,168.16,Stoploss
390,2008-04-22,167.41,158.09,168.0,160.2,Stoploss
391,2008-04-23,164.05,161.08,164.84,162.89,Stoploss
392,2008-04-24,165.31,159.194,169.98,168.94,Stoploss
393,2008-04-25,170.6,166.42,171.1,169.73,Stoploss
394,2008-04-28,169.74,169.13,173.75,172.24,Stoploss
395,2008-04-29,171.11,170.25,175.66,175.05,Stoploss
396,2008-04-30,176.26,172.92,180.0,173.95,Stoploss
397,2008-05-01,175.01,174.86,180.0,180.0,Stoploss
398,2008-05-02,180.31,178.55,181.92,180.94,Stoploss
399,2008-05-05,181.81,181.05,185.31,184.73,Stoploss
400,2008-05-06,184.56,182.18,187.12,186.66,Stoploss
401,2008-05-07,186.13,180.54,188.2,182.59,Stoploss
402,2008-05-08,183.75,183.07,186.5,185.06,Stoploss
403,2008-05-09,183.18,181.37,184.25,183.45,Stoploss
404,2008-05-12,185.12,182.85,188.87,188.16,Stoploss
405,2008-05-13,188.6,187.86,191.45,189.96,Stoploss
406,2008-05-14,191.29,185.57,192.24,186.26,Stoploss
407,2008-05-15,186.78,184.2,189.9,189.73,Stoploss
408,2008-05-16,190.3,187.0,190.3,187.6201,Stoploss
409,2008-05-19,187.9,181.3,188.69,183.6,Stoploss
410,2008-05-20,181.83,180.12,186.16,185.9,Stoploss
411,2008-05-21,185.61,176.25,188.0,178.19,Stoploss
412,2008-05-22,179.18,172.0,181.33,177.05,Stoploss
413,2008-05-23,180.75,177.8,181.99,181.17,Stoploss
414,2008-05-27,182.8,181.84,186.43,186.43,Stoploss
415,2008-05-28,187.49,183.72,187.95,187.01,Stoploss
416,2008-05-29,186.93,185.5,188.2,186.69,Stoploss
417,2008-05-30,187.5,187.38,189.54,188.75,Stoploss
418,2008-06-02,188.5,184.53,189.65,186.1,Stoploss
419,2008-06-03,186.9,182.3354,188.2,185.37,Stoploss
420,2008-06-04,184.0,183.23,187.09,185.19,Stoploss
421,2008-06-05,186.25,185.7,189.84,189.43,Stoploss
422,2008-06-06,188.0,185.55,189.95,185.64,Stoploss
423,2008-06-09,184.92,175.75,184.94,181.61,Stoploss
424,2008-06-10,180.33,179.02,186.78,185.64,Stoploss
425,2008-06-11,184.34,179.59,186.0,180.81,Stoploss
426,2008-06-12,181.45,171.2,182.6,173.26,Stoploss
427,2008-06-13,171.5,165.31,174.16,172.37,Stoploss
428,2008-06-16,171.25,169.07,177.9,176.84,Stoploss
429,2008-06-17,178.17,177.41,181.99,181.43,Stoploss
430,2008-06-18,181.0,177.35,182.2,178.75,Stoploss
431,2008-06-19,178.48,176.8,182.34,180.9,Stoploss
432,2008-06-20,176.55,175.0,181.0,175.27,Stoploss
433,2008-06-23,174.78,171.56,175.88,173.16,Stoploss
434,2008-06-24,172.06,171.63,175.78,173.25,Stoploss
435,2008-06-25,174.5,173.88,178.83,177.39,Stoploss
436,2008-06-26,174.14,168.01,174.84400000000002,168.26,Stoploss
437,2008-06-27,166.44,164.15,170.57,170.09,Stoploss
438,2008-06-30,170.04,166.62,172.0,167.44,Stoploss
439,2008-07-01,164.05,164.0,174.72,174.68,Stoploss
440,2008-07-02,175.05,168.1788,177.45,168.18,Stoploss
441,2008-07-03,169.59,165.75,172.17,170.12,Stoploss
442,2008-07-07,173.0,171.9,177.13,175.16,Stoploss
443,2008-07-08,175.4,172.7401,179.7,179.55,Stoploss
444,2008-07-09,180.25,174.14,180.91,174.25,Stoploss
445,2008-07-10,174.91,171.37,177.34,176.63,Stoploss
446,2008-07-11,175.37,171.0,177.11,172.58,Stoploss
447,2008-07-14,175.37,173.08,179.3,173.88,Stoploss
448,2008-07-15,172.3,166.39,173.74,169.64,Stoploss
449,2008-07-16,170.08,168.6,172.93,172.81,Stoploss
450,2008-07-17,174.09,171.39,174.98,171.81,Stoploss
451,2008-07-18,168.21,165.0,169.65,165.15,Stoploss
452,2008-07-21,166.9,161.12,167.5,166.29,Stoploss
453,2008-07-22,148.9,146.53,162.76,162.02,Stoploss
454,2008-07-23,165.15,161.56,168.37,166.26,Stoploss
455,2008-07-24,164.3,158.45,165.26,159.03,Stoploss
456,2008-07-25,160.37,158.65,163.0,162.12,Stoploss
457,2008-07-28,162.18,154.02,162.47,154.4,Stoploss
458,2008-07-29,156.55,153.65,159.45,157.08,Stoploss
459,2008-07-30,157.71,156.08,160.49,159.88,Stoploss
460,2008-07-31,157.7,156.98,162.2,158.95,Stoploss
461,2008-08-01,159.94,155.75,159.99,156.66,Stoploss
462,2008-08-04,156.58,152.91,157.9,153.23,Stoploss
463,2008-08-05,155.5,154.82,160.8,160.64,Stoploss
464,2008-08-06,159.97,158.0,167.4,164.19,Stoploss
465,2008-08-07,162.89,161.5,166.15,163.57,Stoploss
466,2008-08-08,163.86,163.75,169.65,169.55,Stoploss
467,2008-08-11,170.07,169.67,176.5,173.56,Stoploss
468,2008-08-12,173.52,173.51,179.29,176.73,Stoploss
469,2008-08-13,177.98,175.9,180.0,179.3,Stoploss
470,2008-08-14,178.33,177.84,180.45,179.32,Stoploss
471,2008-08-15,179.04,175.05,179.75,175.74,Stoploss
472,2008-08-18,175.57,173.82,177.81,175.39,Stoploss
473,2008-08-19,174.54,171.81,177.07,173.53,Stoploss
474,2008-08-20,174.7725,173.61,176.94,175.84,Stoploss
475,2008-08-21,174.47,171.89,175.45,174.29,Stoploss
476,2008-08-22,175.82,175.57,177.5,176.79,Stoploss
477,2008-08-25,176.15,171.66,176.23,172.55,Stoploss
478,2008-08-26,172.76,172.6101,174.88,173.64,Stoploss
479,2008-08-27,173.31,172.1909,175.76,174.67,Stoploss
480,2008-08-28,175.28,172.75,176.25,173.74,Stoploss
481,2008-08-29,172.96,169.0401,173.5,169.53,Stoploss
482,2008-09-02,172.4,165.0,173.5,166.19,Stoploss
483,2008-09-03,166.84,164.0,168.68,166.96,Stoploss
484,2008-09-04,165.86,160.81,167.9125,161.22,Stoploss
485,2008-09-05,158.59,157.65,162.4,160.18,Stoploss
486,2008-09-08,164.57,151.4585,164.89,157.92,Stoploss
487,2008-09-09,156.86,149.79,159.96,151.68,Stoploss
488,2008-09-10,152.32,148.8,154.99,151.61,Stoploss
489,2008-09-11,148.18,146.0,152.99,152.65,Stoploss
490,2008-09-12,150.9099,146.5,150.9099,148.94,Stoploss
491,2008-09-15,142.03,140.36,147.69,140.36,Stoploss
492,2008-09-16,133.86,132.15,142.5,139.88,Stoploss
493,2008-09-17,138.49,127.83,138.51,127.83,Stoploss
494,2008-09-18,130.57,120.68,140.0,134.09,Stoploss
495,2008-09-19,142.6,136.31,144.2,140.91,Stoploss
496,2008-09-22,139.94,130.66,140.25,131.05,Stoploss
497,2008-09-23,131.85,126.66,135.8,126.84,Stoploss
498,2008-09-24,127.27,125.15,130.95,128.71,Stoploss
499,2008-09-25,129.8,128.52,134.79,131.93,Stoploss
500,2008-09-26,124.91,123.0,129.8,128.24,Stoploss
501,2008-09-29,119.62,100.59,119.68,105.26,Stoploss
502,2008-09-30,108.25,106.3,115.0,113.66,Stoploss
503,2008-10-01,111.92,107.39,112.36,109.12,Stoploss
504,2008-10-02,108.01,100.0,108.79,100.1,Stoploss
505,2008-10-03,104.0,94.65,106.5,97.07,Stoploss
506,2008-10-06,91.96,87.54,98.78,98.14,Stoploss
507,2008-10-07,100.48,88.95,101.5,89.16,Stoploss
508,2008-10-08,85.9125,85.68,96.33,89.79,Stoploss
509,2008-10-09,93.35,86.6,95.8,88.74,Stoploss
510,2008-10-10,85.7,85.0,100.0,96.8,Stoploss
511,2008-10-13,104.55,101.02,110.53,110.26,Stoploss
512,2008-10-14,116.26,103.14,116.4,104.08,Stoploss
513,2008-10-15,103.84,97.89,107.0,97.95,Stoploss
514,2008-10-16,99.77,91.74,103.43,101.89,Stoploss
515,2008-10-17,99.6,85.885,102.04,97.4,Stoploss
516,2008-10-20,99.78,93.64,100.03,98.44,Stoploss
517,2008-10-21,96.95,91.16,97.9,91.49,Stoploss
518,2008-10-22,97.37,92.93,101.25,96.87,Stoploss
519,2008-10-23,96.51,91.9,99.25,98.23,Stoploss
520,2008-10-24,90.33,90.11,97.9,96.38,Stoploss
521,2008-10-27,95.07,91.86,97.63,92.09,Stoploss
522,2008-10-28,95.43,92.37,100.5,99.91,Stoploss
523,2008-10-29,100.86,99.94,109.54,104.55,Stoploss
524,2008-10-30,108.23,107.61,112.19,111.04,Stoploss
525,2008-10-31,107.4,105.14,110.78,107.59,Stoploss
526,2008-11-03,105.93,104.86,109.1,106.96,Stoploss
527,2008-11-04,109.99,106.67,111.79,110.99,Stoploss
528,2008-11-05,108.91,102.99,109.72,103.3,Stoploss
529,2008-11-06,101.05,98.0,102.78,99.1,Stoploss
530,2008-11-07,99.24,95.72,99.85,98.24,Stoploss
531,2008-11-10,100.17,94.5,100.4,95.88,Stoploss
532,2008-11-11,94.81,92.26,97.17,94.77,Stoploss
533,2008-11-12,92.43,90.01,93.24,90.12,Stoploss
534,2008-11-13,89.87,86.02,96.44,96.44,Stoploss
535,2008-11-14,93.76,90.0,93.99,90.24,Stoploss
536,2008-11-17,88.48,87.26,90.55,88.14,Stoploss
537,2008-11-18,89.64,86.86,90.99,89.91,Stoploss
538,2008-11-19,89.44,86.21,91.58,86.29,Stoploss
539,2008-11-20,85.24,80.0,86.45,80.49,Stoploss
540,2008-11-21,81.93,79.14,84.12,82.58,Stoploss
541,2008-11-24,85.21,84.84,94.79,92.95,Stoploss
542,2008-11-25,94.63,88.16,94.7099,90.8,Stoploss
543,2008-11-26,89.92,89.85,95.25,95.0,Stoploss
544,2008-11-28,94.7,91.86,94.76,92.67,Stoploss
545,2008-12-01,91.3,88.92299999999999,92.27,88.93,Stoploss
546,2008-12-02,90.03,86.5,92.65,92.47,Stoploss
547,2008-12-03,89.4,88.8,96.23,95.9,Stoploss
548,2008-12-04,94.43,89.06,95.21,91.41,Stoploss
549,2008-12-05,90.35,88.86,94.49,94.0,Stoploss
550,2008-12-08,97.28,95.8,100.8,99.72,Stoploss
551,2008-12-09,98.395,97.21,103.6,100.06,Stoploss
552,2008-12-10,97.87,96.5,99.49,98.21,Stoploss
553,2008-12-11,97.35,94.83,101.24,95.0,Stoploss
554,2008-12-12,92.8,92.53,99.0,98.27,Stoploss
555,2008-12-15,95.99,93.0,96.21,94.75,Stoploss
556,2008-12-16,93.98,92.75,96.48,95.43,Stoploss
557,2008-12-17,91.03,88.02,91.1,89.16,Stoploss
558,2008-12-18,89.31,88.44,90.83,89.43,Stoploss
559,2008-12-19,90.13,88.8,90.94,90.0,Stoploss
560,2008-12-22,90.02,84.69,90.03,85.74,Stoploss
561,2008-12-23,86.87,85.9,87.87,86.38,Stoploss
562,2008-12-24,86.14,84.55,86.25,85.04,Stoploss
563,2008-12-26,86.64,85.24,87.42,85.81,Stoploss
564,2008-12-29,86.52,85.07,87.62,86.61,Stoploss
565,2008-12-30,87.42,84.72,88.05,86.29,Stoploss
566,2008-12-31,85.97,85.34,87.74,85.35,Stoploss
567,2009-01-02,85.88,85.16,91.04,90.75,Stoploss
568,2009-01-05,93.17,92.71,96.18,94.58,Stoploss
569,2009-01-06,95.95,92.39,97.17,93.02,Stoploss
570,2009-01-07,91.81,90.26,92.5,91.01,Stoploss
571,2009-01-08,90.43,90.04,93.15,92.7,Stoploss
572,2009-01-09,93.21,90.14,93.38,90.58,Stoploss
573,2009-01-12,90.46,87.55,90.99,88.66,Stoploss
574,2009-01-13,88.24,86.35,89.7399,87.71,Stoploss
575,2009-01-14,86.24,84.72,87.25,85.33,Stoploss
576,2009-01-15,80.56,80.05,84.12,83.38,Stoploss
577,2009-01-16,84.3,80.4,84.38,82.33,Stoploss
578,2009-01-20,81.93,78.2,82.0,78.2,Stoploss
579,2009-01-21,79.45,79.31,82.88,82.83,Stoploss
580,2009-01-22,88.0,85.82,90.0,88.36,Stoploss
581,2009-01-23,86.81,86.5,89.87,88.36,Stoploss
582,2009-01-26,88.88,88.3,90.97,89.64,Stoploss
583,2009-01-27,90.19,89.74,91.55,90.73,Stoploss
584,2009-01-28,92.15,91.5,95.0,94.2,Stoploss
585,2009-01-29,93.09,92.6,94.34,93.0,Stoploss
586,2009-01-30,92.62,90.01,93.62,90.13,Stoploss
587,2009-02-02,89.1,88.9,92.0,91.51,Stoploss
588,2009-02-03,91.92,90.28,93.38,92.98,Stoploss
589,2009-02-04,93.24,93.1,96.25,93.55,Stoploss
590,2009-02-05,92.77,92.62,97.25,96.46,Stoploss
591,2009-02-06,97.0,97.0,100.0,99.72,Stoploss
592,2009-02-09,101.165,99.5,103.0,102.51,Stoploss
593,2009-02-10,101.17,97.06,102.51,97.83,Stoploss
594,2009-02-11,96.35,95.77,98.31,96.82,Stoploss
595,2009-02-12,95.83,95.83,99.75,99.27,Stoploss
596,2009-02-13,99.11,98.12,99.94,99.16,Stoploss
597,2009-02-17,96.79,94.28,97.04,94.53,Stoploss
598,2009-02-18,95.03,92.72,95.85,94.37,Stoploss
599,2009-02-19,93.37,90.11,94.25,90.64,Stoploss
600,2009-02-20,89.4,89.0,92.4,91.2,Stoploss
601,2009-02-23,91.6,86.51,92.0,86.95,Stoploss
602,2009-02-24,87.4475,87.0,90.89,90.25,Stoploss
603,2009-02-25,89.86,89.25,92.92,91.16,Stoploss
604,2009-02-26,92.0,88.96,92.92,89.19,Stoploss
605,2009-02-27,87.91,87.67,91.3,89.31,Stoploss
606,2009-03-02,89.31,87.67,91.2,87.94,Stoploss
607,2009-03-03,88.83,87.88,90.74,88.37,Stoploss
608,2009-03-04,90.24,89.45,92.77,91.17,Stoploss
609,2009-03-05,90.25,88.45,91.87,88.84,Stoploss
610,2009-03-06,88.34,82.33,88.4,85.3,Stoploss
611,2009-03-09,84.12,82.57,87.6,83.11,Stoploss
612,2009-03-10,84.87,84.36,89.17,88.6275,Stoploss
613,2009-03-11,89.9,89.58,94.07,92.68,Stoploss
614,2009-03-12,92.9703,92.0,96.58,96.35,Stoploss
615,2009-03-13,96.3,95.01,97.2,95.93,Stoploss
616,2009-03-16,96.45,94.18,97.39,95.42,Stoploss
617,2009-03-17,95.26,95.07,99.69,99.66,Stoploss
618,2009-03-18,99.91,99.72,103.48,101.52,Stoploss
619,2009-03-19,101.91,100.25,103.2,101.62,Stoploss
620,2009-03-20,102.09,100.57,103.11,101.59,Stoploss
621,2009-03-23,102.71,101.75,108.16,107.66,Stoploss
622,2009-03-24,106.36,105.3872,109.44,106.83,Stoploss
623,2009-03-25,107.58,103.86,108.36,106.49,Stoploss
624,2009-03-26,107.83,107.58,109.98,109.87,Stoploss
625,2009-03-27,108.23,106.4,108.53,106.85,Stoploss
626,2009-03-30,104.51,102.61,105.01,104.49,Stoploss
627,2009-03-31,105.45,105.0,107.45,105.12,Stoploss
628,2009-04-01,104.09,103.89,109.0,108.69,Stoploss
629,2009-04-02,110.145,109.78,114.75,112.71,Stoploss
630,2009-04-03,114.19,113.52,116.13,115.99,Stoploss
631,2009-04-06,114.94,113.28,118.75,118.45,Stoploss
632,2009-04-07,116.53,114.19,116.67,115.0,Stoploss
633,2009-04-08,115.43,114.58,116.79,116.32,Stoploss
634,2009-04-09,118.42,117.96,120.0,119.57,Stoploss
635,2009-04-13,120.01,119.0,120.98,120.22,Stoploss
636,2009-04-14,119.57,117.25,120.17,118.31,Stoploss
637,2009-04-15,117.2,115.76,118.25,117.64,Stoploss
638,2009-04-16,119.19,118.79,123.15,121.45,Stoploss
639,2009-04-17,121.18,120.25,124.25,123.42,Stoploss
640,2009-04-20,121.73,119.16,122.99,120.5,Stoploss
641,2009-04-21,118.89,118.6,122.14,121.76,Stoploss
642,2009-04-22,122.63,121.2,125.35,121.51,Stoploss
643,2009-04-23,126.62,123.51,127.2,125.4,Stoploss
644,2009-04-24,124.64,122.97,125.14,123.9,Stoploss
645,2009-04-27,122.9,122.66,125.0,124.73,Stoploss
646,2009-04-28,123.3501,123.26,126.21,123.902,Stoploss
647,2009-04-29,124.85,123.83,126.85,125.14,Stoploss
648,2009-04-30,126.22,124.92,127.0,125.83,Stoploss
649,2009-05-01,125.8,125.8,127.95,127.24,Stoploss
650,2009-05-04,128.24,127.68,132.25,132.07,Stoploss
651,2009-05-05,131.75,131.12,132.86,132.71,Stoploss
652,2009-05-06,133.33,130.22,133.5,132.5,Stoploss
653,2009-05-07,132.33,127.9,132.39,129.06,Stoploss
654,2009-05-08,129.04,126.26,131.2342,129.19,Stoploss
655,2009-05-11,127.37,127.12,130.96,129.57,Stoploss
656,2009-05-12,129.56,123.25,129.71,124.42,Stoploss
657,2009-05-13,123.21,119.38,124.02,119.49,Stoploss
658,2009-05-14,119.78,119.7,123.53,122.95,Stoploss
659,2009-05-15,122.32,121.61,124.62,122.42,Stoploss
660,2009-05-18,123.73,121.57,126.7,126.65,Stoploss
661,2009-05-19,126.82,125.74,129.31,127.45,Stoploss
662,2009-05-20,127.63,125.3,129.21,125.87,Stoploss
663,2009-05-21,125.15,122.89,126.78,124.18,Stoploss
664,2009-05-22,124.05,121.75,124.18,122.5,Stoploss
665,2009-05-26,124.76,124.55,130.83,130.78,Stoploss
666,2009-05-27,131.78,130.91,134.98,133.05,Stoploss
667,2009-05-28,133.45,132.03,135.39,135.07,Stoploss
668,2009-05-29,135.39,133.85,135.9,135.81,Stoploss
669,2009-06-01,136.47,136.0,139.99,139.35,Stoploss
670,2009-06-02,138.99,138.35,141.34,139.49,Stoploss
671,2009-06-03,140.0,139.07,141.11,140.95,Stoploss
672,2009-06-04,140.13,140.04,144.18,143.74,Stoploss
673,2009-06-05,145.31,143.21,146.4,144.67,Stoploss
674,2009-06-08,143.82,139.43,144.23,143.85,Stoploss
675,2009-06-09,143.81,140.55,144.56,142.72,Stoploss
676,2009-06-10,142.28,138.3,142.35,140.25,Stoploss
677,2009-06-11,139.55,138.55,141.56,139.95,Stoploss
678,2009-06-12,138.81,136.04,139.1,136.97,Stoploss
679,2009-06-15,136.01,134.89,136.93,136.09,Stoploss
680,2009-06-16,136.66,136.1,138.47,136.35,Stoploss
681,2009-06-17,136.67,134.53,137.45,135.58,Stoploss
682,2009-06-18,136.11,135.59,138.0,135.88,Stoploss
683,2009-06-19,138.07,136.9,139.5,139.48,Stoploss
684,2009-06-22,140.67,136.33,141.56,137.37,Stoploss
685,2009-06-23,136.4,132.88,136.95,134.01,Stoploss
686,2009-06-24,135.42,134.86,137.5,136.22,Stoploss
687,2009-06-25,135.75,135.21,140.2,139.86,Stoploss
688,2009-06-26,139.79,139.74,143.56,142.44,Stoploss
689,2009-06-29,143.46,141.54,143.95,141.97,Stoploss
690,2009-06-30,142.58,141.8,143.8,142.43,Stoploss
691,2009-07-01,143.5,142.52,144.66,142.83,Stoploss
692,2009-07-02,141.25,139.79,142.83,140.02,Stoploss
693,2009-07-06,138.7,136.25,138.99,138.61,Stoploss
694,2009-07-07,138.48,135.18,139.68,135.4,Stoploss
695,2009-07-08,135.92,134.42,138.04,137.22,Stoploss
696,2009-07-09,137.76,135.93,137.99,136.36,Stoploss
697,2009-07-10,136.34,136.32,138.97,138.52,Stoploss
698,2009-07-13,139.54,137.53,142.34,142.34,Stoploss
699,2009-07-14,142.03,141.161,143.18,142.27,Stoploss
700,2009-07-15,145.04,144.32,147.0,146.88,Stoploss
701,2009-07-16,145.76,145.57,148.02,147.52,Stoploss
702,2009-07-17,149.08,148.63,152.02,151.75,Stoploss
703,2009-07-20,153.27,150.89,155.036,152.909,Stoploss
704,2009-07-21,153.29,149.75,153.43,151.51,Stoploss
705,2009-07-22,157.79,156.11,158.73,156.74,Stoploss
706,2009-07-23,156.63,155.56,158.44,157.82,Stoploss
707,2009-07-24,156.95,156.5,160.0,159.986,Stoploss
708,2009-07-27,160.17,157.26,160.88,160.1,Stoploss
709,2009-07-28,158.88,157.6,160.105,160.0,Stoploss
710,2009-07-29,158.9,158.25,160.45,160.03,Stoploss
711,2009-07-30,161.7,161.5,164.72,162.79,Stoploss
712,2009-07-31,162.9881,162.91,165.0,163.39,Stoploss
713,2009-08-03,165.21,164.87,166.64,166.43,Stoploss
714,2009-08-04,164.93,164.21,165.57,165.55,Stoploss
715,2009-08-05,165.75,164.21,167.39,165.11,Stoploss
716,2009-08-06,165.58,163.09,166.51,163.91,Stoploss
717,2009-08-07,165.49,164.8,166.6,165.51,Stoploss
718,2009-08-10,165.66,163.66,166.6,164.72,Stoploss
719,2009-08-11,163.69,161.88,164.38,162.83,Stoploss
720,2009-08-12,162.55,162.46,166.71,165.31,Stoploss
721,2009-08-13,166.65,166.5,168.67,168.42,Stoploss
722,2009-08-14,167.94,165.53,168.2267,166.78,Stoploss
723,2009-08-17,163.55,159.42,163.59,159.59,Stoploss
724,2009-08-18,161.63,161.41,164.24,164.0,Stoploss
725,2009-08-19,162.75,162.45,165.3,164.6,Stoploss
726,2009-08-20,164.98,164.61,166.72,166.33,Stoploss
727,2009-08-21,167.65,166.8,169.37,169.22,Stoploss
728,2009-08-24,170.12,168.27,170.71,169.06,Stoploss
729,2009-08-25,169.4599,169.13,170.94,169.4,Stoploss
730,2009-08-26,168.92,166.76,169.55,167.41,Stoploss
731,2009-08-27,168.75,164.83,169.57,169.45,Stoploss
732,2009-08-28,172.27,168.53,172.49,170.05,Stoploss
733,2009-08-31,168.16,166.5,168.85,168.21,Stoploss
734,2009-09-01,167.99,164.94,170.0,165.298,Stoploss
735,2009-09-02,164.62,164.11,167.61,165.18,Stoploss
736,2009-09-03,166.44,165.0,167.1,166.55,Stoploss
737,2009-09-04,167.2757,167.09,170.7,170.31,Stoploss
738,2009-09-08,172.98,172.0,173.14,172.93,Stoploss
739,2009-09-09,172.78,169.7,174.47,171.14,Stoploss
740,2009-09-10,172.06,170.81,173.25,172.56,Stoploss
741,2009-09-11,172.91,170.87,173.18,172.16,Stoploss
742,2009-09-14,170.83,170.25,173.9,173.72,Stoploss
743,2009-09-15,174.04,173.59,175.65,175.16,Stoploss
744,2009-09-16,177.99,177.88,182.75,181.87,Stoploss
745,2009-09-17,181.98,181.97,186.79,184.55,Stoploss
746,2009-09-18,185.83,184.76,186.55,185.02,Stoploss
747,2009-09-21,184.29,181.62,185.16,184.02,Stoploss
748,2009-09-22,185.19,182.85,185.38,184.48,Stoploss
749,2009-09-23,185.4,185.03,188.9,185.5,Stoploss
750,2009-09-24,187.2,182.77,187.7,183.82,Stoploss
751,2009-09-25,182.01,181.44,185.5,182.37,Stoploss
752,2009-09-28,183.87,183.33,186.68,186.1519,Stoploss
753,2009-09-29,186.73,184.31,187.4,185.38,Stoploss
754,2009-09-30,186.13,182.6127,186.45,185.35,Stoploss
755,2009-10-01,185.35,180.7,186.22,180.8599,Stoploss
756,2009-10-02,181.41,181.35,185.94,184.9,Stoploss
757,2009-10-05,186.2,184.2701,186.86,186.024,Stoploss
758,2009-10-06,187.74,187.3,190.01,190.01,Stoploss
759,2009-10-07,189.76,189.032,190.55,190.25,Stoploss
760,2009-10-08,190.66,188.89,191.45,189.27,Stoploss
761,2009-10-09,188.97,188.62,190.7,190.47,Stoploss
762,2009-10-12,191.02,189.64,191.51,190.81,Stoploss
763,2009-10-13,190.63,189.7,191.17,190.02,Stoploss
764,2009-10-14,192.25,190.23,192.32,191.29,Stoploss
765,2009-10-15,189.63,189.53,190.92,190.56,Stoploss
766,2009-10-16,189.35,187.84,190.36,188.05,Stoploss
767,2009-10-19,187.85,185.55,190.0,189.86,Stoploss
768,2009-10-20,200.6,197.85,201.75,198.76,Null
769,2009-10-21,199.52,199.23,208.7099,204.92,Null
770,2009-10-22,204.7,202.51,207.85,205.2,Null
771,2009-10-23,205.7,203.23,205.8,203.94,Null
772,2009-10-26,203.67,200.1,206.75,202.48,Stoploss
773,2009-10-27,201.66,196.45,202.81,197.37,Stoploss
774,2009-10-28,197.71,191.1,198.02,192.4,Stoploss
775,2009-10-29,195.0,192.14,196.81,196.35,Stoploss
776,2009-10-30,196.05599999999998,186.0667,196.8,188.5,Stoploss
777,2009-11-02,189.8,185.57,192.88,189.31,Stoploss
778,2009-11-03,187.85,185.92,189.52,188.75,Stoploss
779,2009-11-04,190.73,190.23,193.85,190.81,Stoploss
780,2009-11-05,192.4,191.82,195.0,194.0301,Stoploss
781,2009-11-06,192.51,192.4,195.19,194.34,Stoploss
782,2009-11-09,196.94,196.26,201.9,201.46,Stoploss
783,2009-11-10,201.02,201.01,204.98,202.98,Stoploss
784,2009-11-11,204.56,201.83,205.0,203.25,Null
785,2009-11-12,203.14,201.43,204.87,201.99,Stoploss
786,2009-11-13,202.87,202.07,204.83,204.45,Null
787,2009-11-16,205.48,205.01,208.0,206.63,Null
788,2009-11-17,206.08,205.0,207.44,207.0,Null
789,2009-11-18,206.54,204.0,207.0,205.96,Null
790,2009-11-19,204.61,199.8,204.61,200.51,Stoploss
791,2009-11-20,199.15,197.76,200.39,199.92,Stoploss
792,2009-11-23,203.0,202.95,206.0,205.88,Null
793,2009-11-24,205.33,202.9,205.88,204.44,Stoploss
794,2009-11-25,205.4,203.76,205.65,204.19,Stoploss
795,2009-11-27,199.22,198.37,202.96,200.59,Stoploss
796,2009-11-30,201.11,198.77,201.68,199.91,Stoploss
797,2009-12-01,202.24,196.83,202.77,196.97,Stoploss
798,2009-12-02,198.96,195.75,201.42,196.23,Stoploss
799,2009-12-03,197.42,196.27,198.98,196.48,Stoploss
800,2009-12-04,199.6995,190.28,199.88,193.32,Stoploss
801,2009-12-07,193.32,188.68,193.77,188.95,Stoploss
802,2009-12-08,189.36,188.7,192.35,189.87,Stoploss
803,2009-12-09,191.28,190.31,198.16,197.8,Stoploss
804,2009-12-10,199.5,196.12,199.7,196.43,Stoploss
805,2009-12-11,197.78,193.43,198.0,194.67,Stoploss
806,2009-12-14,195.37,192.56,197.43,196.98,Stoploss
807,2009-12-15,195.83,193.27,197.51,194.17,Stoploss
808,2009-12-16,195.1,194.55,196.5,195.03,Stoploss
809,2009-12-17,194.26,191.0,195.0,191.86,Stoploss
810,2009-12-18,193.17,192.6,195.503,195.43,Stoploss
811,2009-12-21,196.05,195.67,199.75,198.23,Stoploss
812,2009-12-22,199.44,198.66,200.85,200.36,Stoploss
813,2009-12-23,201.25,200.81,202.38,202.1,Stoploss
814,2009-12-24,203.55,203.35,209.35,209.04,Null
815,2009-12-28,211.72,209.611,213.95,211.61,Null
816,2009-12-29,212.63,208.73,212.72,209.1,Stoploss
817,2009-12-30,208.83,208.31,212.0,211.64,Null
818,2009-12-31,213.13,210.56,213.35,210.732,Null
819,2010-01-04,213.43,212.38,214.5,214.01,Null
820,2010-01-05,214.6,213.25,215.59,214.38,Null
821,2010-01-06,214.38,210.75,215.23,210.97,Stoploss
822,2010-01-07,211.75,209.05,212.0,210.58,Stoploss
823,2010-01-08,210.3,209.06,212.0,211.98,Stoploss
824,2010-01-11,212.8,208.45,213.0,210.11,Stoploss
825,2010-01-12,209.19,206.42,209.77,207.72,Stoploss
826,2010-01-13,207.87,204.1,210.93,210.65,Stoploss
827,2010-01-14,210.11,209.02,210.46,209.43,Stoploss
828,2010-01-15,210.93,205.87,211.6,205.93,Stoploss
829,2010-01-19,208.33,207.24,215.19,215.04,Null
830,2010-01-20,214.91,209.5,215.55,211.725,Stoploss
831,2010-01-21,212.08,207.21,213.3138,208.072,Stoploss
832,2010-01-22,206.78,197.16,207.5,197.75,Stoploss
833,2010-01-25,202.51,200.19,204.7,203.075,Stoploss
834,2010-01-26,205.95,202.58,213.71,205.94,Stoploss
835,2010-01-27,206.85,199.53099999999998,210.58,207.88400000000001,Stoploss
836,2010-01-28,204.93,198.7,205.5,199.29,Stoploss
837,2010-01-29,201.08,190.25,202.2,192.063,Stoploss
838,2010-02-01,192.37,191.3,196.0,194.73,Stoploss
839,2010-02-02,195.91,193.38,196.32,195.86,Stoploss
840,2010-02-03,195.17,194.42,200.2,199.23,Stoploss
841,2010-02-04,196.73,191.57,198.37,192.05,Stoploss
842,2010-02-05,192.625,190.85,196.0,195.46,Stoploss
843,2010-02-08,195.69,194.0,197.88,194.12,Stoploss
844,2010-02-09,196.42,194.75,197.5,196.19,Stoploss
845,2010-02-10,195.89,194.26,196.6,195.11599999999999,Stoploss
846,2010-02-11,194.88,194.06,199.75,198.67,Stoploss
847,2010-02-12,198.11,195.5,201.64,200.38,Stoploss
848,2010-02-16,201.94,201.52,203.69,203.4,Stoploss
849,2010-02-17,204.19,200.86,204.31,202.55,Stoploss
850,2010-02-18,201.63,200.92,203.89,202.928,Stoploss
851,2010-02-19,201.86,201.11,203.2,201.67,Stoploss
852,2010-02-22,202.34,199.19,202.5,200.416,Stoploss
853,2010-02-23,200.0,195.71,201.33,197.05900000000003,Stoploss
854,2010-02-24,198.23,197.84,201.44,200.65599999999998,Stoploss
855,2010-02-25,197.38,196.89,202.86,202.0,Stoploss
856,2010-02-26,202.38,202.0,205.17,204.62,Stoploss
857,2010-03-01,205.75,205.45,209.5,208.99,Stoploss
858,2010-03-02,209.93,207.74,210.83,208.85,Stoploss
859,2010-03-03,208.94,207.94,209.87,209.33,Stoploss
860,2010-03-04,209.28,208.63,210.92,210.71,Stoploss
861,2010-03-05,214.94,214.63,219.7,218.95,Null
862,2010-03-08,220.01,218.25,220.09,219.08,Null
863,2010-03-09,218.31,217.89,225.0,223.02,Null
864,2010-03-10,223.8295,223.2,225.48,224.84,Null
865,2010-03-11,223.91,223.32,225.5,225.5,Null
866,2010-03-12,227.37,225.75,227.73,226.6,Null
867,2010-03-15,225.38,220.25,225.5,223.84,Stoploss
868,2010-03-16,224.18,222.51,224.98,224.45,Stoploss
869,2010-03-17,224.9,223.27,226.45,224.12,Stoploss
870,2010-03-18,224.1,222.61,225.0,224.65,Null
871,2010-03-19,224.79,221.23,225.24,222.2499,Stoploss
872,2010-03-22,220.47,220.15,226.0,224.75,Null
873,2010-03-23,225.64,224.1,228.78,228.36,Null
874,2010-03-24,227.64,227.51,230.2,229.37,Null
875,2010-03-25,230.458,226.25,230.97,226.65,Stoploss
876,2010-03-26,228.95,228.55,231.95,230.9,Null
877,2010-03-29,233.0,231.62,233.8699,232.39,Null
878,2010-03-30,236.6027,234.25,237.48,235.845,Null
879,2010-03-31,235.49,234.46,236.61,235.0,Null
880,2010-04-01,237.49,232.75,238.73,235.97,Null
881,2010-04-05,234.975,234.77,238.51,238.49,Null
882,2010-04-06,238.2,237.0,240.24,239.54,Null
883,2010-04-07,239.72,238.6601,241.92,240.6,Null
884,2010-04-08,240.44,238.04,241.54,239.95,Null
885,2010-04-09,241.43,240.46,241.89,241.79,Null
886,2010-04-12,242.2,241.81,243.07,242.29,Null
887,2010-04-13,241.86,241.11,242.8,242.43,Null
888,2010-04-14,245.28,244.07,245.81,245.69,Null
889,2010-04-15,245.78,245.51,249.03,248.92,Null
890,2010-04-16,248.57,244.55,251.14,247.4,Null
891,2010-04-19,247.03,241.77,247.89,247.07,Null
892,2010-04-20,248.54,242.955,249.25,244.59,Stoploss
893,2010-04-21,258.805,255.73,260.25,259.22,Null
894,2010-04-22,258.24,256.2,266.75,266.4695,Null
895,2010-04-23,267.99,267.0,272.18,270.83,Null
896,2010-04-26,271.88,268.19,272.46,269.5,Null
897,2010-04-27,267.27,260.52,267.84,262.04,Stoploss
898,2010-04-28,263.25,256.41,264.0,261.6,Stoploss
899,2010-04-29,263.02,262.01,270.0,268.64,Stoploss
900,2010-04-30,269.31,261.0,270.57,261.09,Stoploss
901,2010-05-03,263.84,262.88,267.88,266.35,Stoploss
902,2010-05-04,262.89,256.75,263.29,258.68,Stoploss
903,2010-05-05,253.03,248.73,258.14,255.985,Stoploss
904,2010-05-06,253.83,199.25,258.25,246.25,Stoploss
905,2010-05-07,243.71,225.21,246.57,235.86,Stoploss
906,2010-05-10,250.25,248.53,254.65,253.99,Stoploss
907,2010-05-11,251.84,250.5,259.89,256.52,Stoploss
908,2010-05-12,259.245,258.7,263.13,262.09,Stoploss
909,2010-05-13,263.22,256.4,265.0,258.36,Stoploss
910,2010-05-14,255.165,249.5,256.48,253.82,Stoploss
911,2010-05-17,254.7,247.71,256.18,254.22,Stoploss
912,2010-05-18,256.98,250.26,258.55,252.36,Stoploss
913,2010-05-19,249.5,244.85,252.92,248.34,Stoploss
914,2010-05-20,241.88,236.21,243.85,237.76,Stoploss
915,2010-05-21,232.82,231.35,244.5,242.32,Stoploss
916,2010-05-24,247.28,246.26,250.9,246.76,Stoploss
917,2010-05-25,239.35,237.16,246.76,245.22,Stoploss
918,2010-05-26,250.08,243.75,252.13,244.109,Stoploss
919,2010-05-27,250.6,249.11,253.89,253.35,Stoploss
920,2010-05-28,259.3881,253.35,259.4,256.88,Stoploss
921,2010-06-01,259.69,258.96,265.94,260.83,Stoploss
922,2010-06-02,264.54,260.335,264.8,263.95,Stoploss
923,2010-06-03,265.18,260.41,265.55,263.12,Stoploss
924,2010-06-04,258.21,254.63,261.9,255.965,Stoploss
925,2010-06-07,258.29,250.55,259.15,250.94,Stoploss
926,2010-06-08,253.24,245.65,253.8,249.33,Stoploss
927,2010-06-09,251.47,242.49,251.9,243.2,Stoploss
928,2010-06-10,244.84,242.2,250.98,250.51,Stoploss
929,2010-06-11,248.225,247.37,253.86,253.51,Stoploss
930,2010-06-14,255.96,254.01,259.15,254.28,Stoploss
931,2010-06-15,255.64,255.5,259.85,259.69,Stoploss
932,2010-06-16,261.1,260.6302,267.75,267.25,Stoploss
933,2010-06-17,270.6,269.5,272.9,271.87,Null
934,2010-06-18,272.25,271.42,275.0,274.074,Null
935,2010-06-21,277.69,268.73,279.01,270.17,Stoploss
936,2010-06-22,272.16,271.5,275.97,273.85,Null
937,2010-06-23,274.58,267.9,274.66,270.97,Stoploss
938,2010-06-24,271.0,268.1,273.195,269.0,Stoploss
939,2010-06-25,270.06,265.81,270.27,266.7,Stoploss
940,2010-06-28,266.93,264.52,269.75,268.3,Stoploss
941,2010-06-29,264.1205,254.3,264.39,256.17,Stoploss
942,2010-06-30,256.71,250.01,257.97,251.53,Stoploss
943,2010-07-01,254.3,243.22,254.8,248.48,Stoploss
944,2010-07-02,250.49,243.2,250.93,246.94,Stoploss
945,2010-07-06,251.0,246.16,252.8,248.63,Stoploss
946,2010-07-07,250.49,249.75,258.77,258.665,Stoploss
947,2010-07-08,262.48,254.89,262.9,258.09,Stoploss
948,2010-07-09,256.89,255.16,259.9,259.62,Stoploss
949,2010-07-12,258.53,254.86,261.85,257.285,Stoploss
950,2010-07-13,256.32,246.43,256.4,251.798,Stoploss
951,2010-07-14,249.38,249.0,255.8,252.727,Stoploss
952,2010-07-15,248.23,247.3,256.97,251.45,Stoploss
953,2010-07-16,253.18,248.41,254.97,249.9,Stoploss
954,2010-07-19,249.88,239.6,249.88,245.58,Stoploss
955,2010-07-20,242.9,240.01,252.9,251.89,Stoploss
956,2010-07-21,265.09,254.0,265.15,254.24,Stoploss
957,2010-07-22,257.68,255.31,260.0,259.024,Stoploss
958,2010-07-23,257.09,256.28,260.38,259.94,Stoploss
959,2010-07-26,260.0,257.71,260.0998,259.28,Stoploss
960,2010-07-27,260.87,260.3,264.8,264.08,Stoploss
961,2010-07-28,263.67,260.25,265.99,260.96,Stoploss
962,2010-07-29,260.71,256.1,262.65,258.11,Stoploss
963,2010-07-30,255.8925,254.9,259.7,257.25,Stoploss
964,2010-08-02,260.44,259.62,262.59,261.85,Stoploss
965,2010-08-03,261.01,259.42,263.26,261.93,Stoploss
966,2010-08-04,262.84,260.311,264.28,262.98,Stoploss
967,2010-08-05,261.73,260.55,263.18,261.7,Stoploss
968,2010-08-06,259.78,257.63,261.49,260.091,Stoploss
969,2010-08-09,261.48,259.57,262.15,261.75,Stoploss
970,2010-08-10,259.85,257.55,260.45,259.41,Stoploss
971,2010-08-11,255.4,249.81,255.69,250.19,Stoploss
972,2010-08-12,246.69,246.12,253.1,251.79,Stoploss
973,2010-08-13,251.65,249.09,251.88,249.1,Stoploss
974,2010-08-16,247.58,246.62,250.01,247.64,Stoploss
975,2010-08-17,250.08,249.2,254.63,251.97,Stoploss
976,2010-08-18,252.36,251.58,254.67,253.07,Stoploss
977,2010-08-19,252.84,248.68,253.48,249.88,Stoploss
978,2010-08-20,249.39,249.0,253.92,249.64,Stoploss
979,2010-08-23,251.79,245.25,252.0,245.8,Stoploss
980,2010-08-24,242.67,238.65,243.0,239.93,Stoploss
981,2010-08-25,238.04,237.2,243.99,242.89,Stoploss
982,2010-08-26,245.45,240.2778,245.75,240.28,Stoploss
983,2010-08-27,241.75,235.56,242.61,241.62,Stoploss
984,2010-08-30,240.76,240.6801,245.75,242.5,Stoploss
985,2010-08-31,241.85,240.35,244.56,243.1,Stoploss
986,2010-09-01,247.47,246.28,251.46,250.33,Stoploss
987,2010-09-02,251.2623,248.57,252.17,252.17,Stoploss
988,2010-09-03,255.09,254.5,258.78,258.77,Stoploss
989,2010-09-07,256.64,256.25,259.53,257.81,Stoploss
990,2010-09-08,259.78,259.1,264.3899,262.92,Stoploss
991,2010-09-09,265.04,262.92,266.52,263.07,Stoploss
992,2010-09-10,263.19,261.4,264.5,263.41,Stoploss
993,2010-09-13,265.82,265.76,268.28,267.04,Stoploss
994,2010-09-14,266.21,265.52,269.17,268.06,Stoploss
995,2010-09-15,268.17,267.84,270.38,270.22,Stoploss
996,2010-09-16,270.24,269.5,276.67,276.57,Null
997,2010-09-17,277.69,273.68,277.96,275.37,Null
998,2010-09-20,276.08,275.85,283.78,283.23,Null
999,2010-09-21,283.86,282.79,287.35,283.77,Null
1000,2010-09-22,282.71,282.41,287.98,287.75,Null
1001,2010-09-23,286.33,286.0,292.76,288.92,Null
1002,2010-09-24,292.1,290.55,293.53,292.32,Null
1003,2010-09-27,293.975,291.01,294.73,291.164,Null
1004,2010-09-28,291.77,275.0,291.77,286.86,Stoploss
1005,2010-09-29,287.23,286.0,289.81,287.37,Stoploss
1006,2010-09-30,289.0,281.25,290.0,283.75,Stoploss
1007,2010-10-01,283.75,281.35,286.58,282.52,Stoploss
1008,2010-10-04,281.6,277.77,282.9,278.64,Stoploss
1009,2010-10-05,282.0,281.82,289.45,288.94,Stoploss
1010,2010-10-06,289.59,285.26,291.99,289.19,Stoploss
1011,2010-10-07,290.3362,286.91,290.48,289.22,Stoploss
1012,2010-10-08,291.7129,290.0,294.5,294.07,Null
1013,2010-10-11,294.74,294.6,297.24,295.36,Null
1014,2010-10-12,295.41,292.49,299.5,298.54,Null
1015,2010-10-13,300.2,299.8,301.96,300.14,Null
1016,2010-10-14,301.69,300.4,302.47,302.31,Null
1017,2010-10-15,307.44,304.91,315.0,314.74,Null
1018,2010-10-18,318.47,314.29,319.0,318.0,Null
1019,2010-10-19,303.4,300.02,313.77,309.49,Stoploss
1020,2010-10-20,309.0,306.87,314.25,310.53,Stoploss
1021,2010-10-21,312.36,306.8,314.74,309.52,Stoploss
1022,2010-10-22,309.07,306.3,310.04,307.47,Stoploss
1023,2010-10-25,309.09,308.44,311.6,308.84,Stoploss
1024,2010-10-26,306.87,305.65,309.74,308.05,Stoploss
1025,2010-10-27,307.65,305.6,309.9,307.83,Stoploss
1026,2010-10-28,307.95,300.9,308.0,305.24,Stoploss
1027,2010-10-29,304.23,300.87,305.88,300.98,Stoploss
1028,2010-11-01,302.22,302.2,305.6,304.18,Stoploss
1029,2010-11-02,307.0,307.0,310.19,309.36,Stoploss
1030,2010-11-03,311.37,308.53,312.88,312.8,Stoploss
1031,2010-11-04,315.45,315.03,320.18,318.27,Null
1032,2010-11-05,317.99,316.75,319.57,317.13,Null
1033,2010-11-08,317.2,316.76,319.7702,318.62,Null
1034,2010-11-09,321.05,314.5,321.3,316.08,Stoploss
1035,2010-11-10,316.64,313.55,318.77,318.03,Null
1036,2010-11-11,315.0,314.25,318.4,316.655,Null
1037,2010-11-12,316.0,303.63,316.5,308.03,Stoploss
1038,2010-11-15,308.46,306.27,310.54,307.035,Stoploss
1039,2010-11-16,305.72,299.32,307.6,301.59,Stoploss
1040,2010-11-17,301.2,297.76,303.99,300.5,Stoploss
1041,2010-11-18,305.2,304.69,309.67,308.43,Stoploss
1042,2010-11-19,307.97,305.24,308.4,306.73,Stoploss
1043,2010-11-22,306.68,305.87,313.36,313.36,Stoploss
1044,2010-11-23,310.45,306.56,311.75,308.73,Stoploss
1045,2010-11-24,312.0,311.75,315.4,314.795,Stoploss
1046,2010-11-26,313.74,312.94,317.6999,315.0,Stoploss
1047,2010-11-29,315.5,311.38,317.48,316.87,Null
1048,2010-11-30,313.54,310.87,314.36,311.15,Stoploss
1049,2010-12-01,315.27,315.0,317.75,316.4,Stoploss
1050,2010-12-02,317.53,314.89,319.0,318.15,Null
1051,2010-12-03,317.01,316.34,318.65,317.44,Null
1052,2010-12-06,318.64,318.42,322.33,320.15,Null
1053,2010-12-07,323.8,318.12,323.99,318.21,Null
1054,2010-12-08,319.63,317.11,321.02,321.01,Null
1055,2010-12-09,322.1317,319.02,322.5,319.7575,Null
1056,2010-12-10,319.65,318.6,321.05,320.56,Null
1057,2010-12-13,324.37,321.0,325.06,321.67,Null
1058,2010-12-14,321.73,319.0,322.54,320.29,Null
1059,2010-12-15,320.0,319.19,323.0,320.36,Null
1060,2010-12-16,321.09,320.1,322.61,321.25,Null
1061,2010-12-17,321.63,320.23,321.79,320.61,Null
1062,2010-12-20,321.6,318.23,323.25,322.21,Null
1063,2010-12-21,323.0,322.05,324.39,324.205,Null
1064,2010-12-22,324.36,323.55,325.72,325.16,Null
1065,2010-12-23,325.0,323.17,325.15,323.6,Null
1066,2010-12-27,322.8519,321.52,325.44,324.68,Null
1067,2010-12-28,325.9102,325.06,326.66,325.47,Null
1068,2010-12-29,326.22,325.1,326.45,325.29,Null
1069,2010-12-30,325.48,323.05,325.51,323.66,Null
1070,2010-12-31,322.95,321.31,323.48,322.56,Stoploss
1071,2011-01-03,325.64,324.8365,330.26,329.57,Null
1072,2011-01-04,332.44,328.15,332.5,331.29,Null
1073,2011-01-05,329.55,329.5,334.34,334.0,Null
1074,2011-01-06,334.7194,332.9,335.25,333.73,Null
1075,2011-01-07,333.99,331.9,336.35,336.12,Null
1076,2011-01-10,338.83,337.17,343.23,342.455,Null
1077,2011-01-11,344.88,339.47,344.96,341.64,Null
1078,2011-01-12,343.25,342.0,344.43,344.42,Null
1079,2011-01-13,345.16,343.85,346.64,345.68,Null
1080,2011-01-14,345.89,344.44,348.48,348.48,Null
1081,2011-01-18,329.52,326.0,344.7625,340.65,Stoploss
1082,2011-01-19,348.35,336.88,348.6,338.84,Stoploss
1083,2011-01-20,336.43,330.12,338.3,332.68,Stoploss
1084,2011-01-21,333.77,326.63,334.88,326.72,Stoploss
1085,2011-01-24,326.87,326.72,337.45,337.45,Stoploss
1086,2011-01-25,336.33,334.57,341.44,341.4,Stoploss
1087,2011-01-26,342.96,341.5,345.6,343.85,Stoploss
1088,2011-01-27,343.78,342.83099999999996,344.6928,343.21,Stoploss
1089,2011-01-28,344.17,333.528,344.4,336.1,Stoploss
1090,2011-01-31,335.8,334.3,340.04,339.32,Stoploss
1091,2011-02-01,341.3,340.98,345.65,345.03,Stoploss
1092,2011-02-02,344.45,343.55,345.25,344.32,Stoploss
1093,2011-02-03,343.8,338.55,344.24,343.44,Stoploss
1094,2011-02-04,343.64,343.51,346.7,346.5,Null
1095,2011-02-07,347.89,347.64,353.25,351.88,Null
1096,2011-02-08,353.68,352.15,355.52,355.2,Null
1097,2011-02-09,355.19,354.87,359.0,358.16,Null
1098,2011-02-10,357.39,348.0,360.0,354.54,Stoploss
1099,2011-02-11,354.7526,353.5401,357.8,356.85,Null
1100,2011-02-14,356.79,356.71,359.48,359.18,Null
1101,2011-02-15,359.19,357.55,359.97,359.9,Null
1102,2011-02-16,360.8,360.5,364.9,363.13,Null
1103,2011-02-17,357.25,356.52,360.27,358.3,Stoploss
1104,2011-02-18,358.71,349.52,359.5,350.56,Stoploss
1105,2011-02-22,342.15,337.72,345.4,338.61,Stoploss
1106,2011-02-23,338.77,338.61,344.64,342.62,Stoploss
1107,2011-02-24,344.02,338.37,345.15,342.88,Stoploss
1108,2011-02-25,345.26,344.8,348.43,348.16,Stoploss
1109,2011-02-28,351.24,351.12,355.05,353.21,Stoploss
1110,2011-03-01,355.47,347.681,355.72,349.31,Stoploss
1111,2011-03-02,349.96,348.4,354.35,352.12,Stoploss
1112,2011-03-03,357.19,355.92,359.79,359.56,Stoploss
1113,2011-03-04,360.07,357.75,360.29,360.0,Stoploss
1114,2011-03-07,361.4,351.31,361.67,355.36,Stoploss
1115,2011-03-08,354.91,352.25,357.4,355.76,Stoploss
1116,2011-03-09,354.69,350.6,354.76,352.47,Stoploss
1117,2011-03-10,349.12,344.9,349.77,346.67,Stoploss
1118,2011-03-11,345.33,345.0,352.32,351.99,Stoploss
1119,2011-03-14,353.18,351.31,356.4844,353.56,Stoploss
1120,2011-03-15,342.1,340.1,347.84,345.43,Stoploss
1121,2011-03-16,342.0,326.26,343.0,330.01,Stoploss
1122,2011-03-17,336.83,330.6596,339.61,334.64,Stoploss
1123,2011-03-18,337.13,330.0,338.2,330.67,Stoploss
1124,2011-03-21,335.99,335.26,339.74,339.3,Stoploss
1125,2011-03-22,342.56,339.14,342.62,341.2,Stoploss
1126,2011-03-23,339.28,335.95,340.22,339.19,Stoploss
1127,2011-03-24,341.85,338.86,346.0,344.97,Stoploss
1128,2011-03-25,348.07,347.02,352.06,351.54,Stoploss
1129,2011-03-28,353.15,350.44,354.32,350.44,Stoploss
1130,2011-03-29,347.66,346.06,350.96,350.96,Stoploss
1131,2011-03-30,350.64,347.44,350.88,348.63,Stoploss
1132,2011-03-31,346.36,346.06,349.8,348.5075,Stoploss
1133,2011-04-01,351.11,343.3,351.5872,344.56,Stoploss
1134,2011-04-04,344.31,338.4,344.6,341.19,Stoploss
1135,2011-04-05,336.99,336.0,342.25,338.89,Stoploss
1136,2011-04-06,341.22,337.14,343.9,338.04,Stoploss
1137,2011-04-07,338.1,336.03,340.43,338.08,Stoploss
1138,2011-04-08,339.92,333.95,340.15,335.06,Stoploss
1139,2011-04-11,334.06,330.02,335.67,330.8,Stoploss
1140,2011-04-12,330.49,330.2,333.73,332.4,Stoploss
1141,2011-04-13,335.02,332.52,336.14,336.13,Stoploss
1142,2011-04-14,334.8,332.06,336.0,332.42,Stoploss
1143,2011-04-15,333.3,326.8,333.64,327.46,Stoploss
1144,2011-04-18,326.1,320.16,332.23,331.85,Stoploss
1145,2011-04-19,333.1,331.71,337.98,337.86,Stoploss
1146,2011-04-20,343.51,341.5,345.75,342.41,Stoploss
1147,2011-04-21,355.0,348.52,355.13,350.69599999999997,Stoploss
1148,2011-04-25,350.34,350.3,353.75,353.009,Stoploss
1149,2011-04-26,353.62,349.35,354.99,350.42,Stoploss
1150,2011-04-27,352.24,347.1,352.35,350.15,Stoploss
1151,2011-04-28,346.19,345.52,349.75,346.75,Stoploss
1152,2011-04-29,346.78,346.666,353.95,350.13,Stoploss
1153,2011-05-02,349.74,345.5,350.469,346.28,Stoploss
1154,2011-05-03,347.99,345.62,349.89,348.2,Stoploss
1155,2011-05-04,348.26,346.88,351.83,349.57,Stoploss
1156,2011-05-05,348.4,346.05,350.95,346.75,Stoploss
1157,2011-05-06,349.69,346.21,350.0,346.66,Stoploss
1158,2011-05-09,347.86,346.5276,349.2,347.6,Stoploss
1159,2011-05-10,348.89,346.66,349.69,349.45,Stoploss
1160,2011-05-11,349.02,345.24,350.0,347.23,Stoploss
1161,2011-05-12,346.12,342.27,347.12,346.57,Stoploss
1162,2011-05-13,345.66,340.35,346.25,340.5,Stoploss
1163,2011-05-16,339.2,332.6,341.22,333.3,Stoploss
1164,2011-05-17,332.0,330.73,336.14,336.14,Stoploss
1165,2011-05-18,336.47,336.0,341.05,339.87,Stoploss
1166,2011-05-19,342.08,338.67,342.414,340.53,Stoploss
1167,2011-05-20,339.56,335.02,340.95,335.22,Stoploss
1168,2011-05-23,329.97,329.42,335.98,334.4,Stoploss
1169,2011-05-24,335.5,331.34,335.899,332.19,Stoploss
1170,2011-05-25,333.43,332.85,338.56,336.78,Stoploss
1171,2011-05-26,335.97,334.435,336.89,335.0,Stoploss
1172,2011-05-27,334.8,334.31,337.63,337.41,Stoploss
1173,2011-05-31,341.1,341.0,347.83,347.83,Stoploss
1174,2011-06-01,348.87,344.65,352.13199999999995,345.51,Stoploss
1175,2011-06-02,346.5,344.3,347.98,346.102,Stoploss
1176,2011-06-03,343.18,342.01,345.33,343.44,Stoploss
1177,2011-06-06,344.84,337.81,347.05,338.04,Stoploss
1178,2011-06-07,338.17,331.9,338.22,332.04,Stoploss
1179,2011-06-08,331.78,330.65,334.8,332.24,Stoploss
1180,2011-06-09,333.25,330.75,333.67,331.49,Stoploss
1181,2011-06-10,330.55,325.51,331.66,325.9,Stoploss
1182,2011-06-13,327.2,325.07,328.31,326.6,Stoploss
1183,2011-06-14,330.0,329.31,333.25,332.44,Stoploss
1184,2011-06-15,329.75,324.88,330.3,326.75,Stoploss
1185,2011-06-16,326.9,318.33,328.6811,325.16,Stoploss
1186,2011-06-17,328.99,319.36,329.25,320.26,Stoploss
1187,2011-06-20,317.355,310.5,317.7,315.32,Stoploss
1188,2011-06-21,316.68,315.2,325.8,325.3,Stoploss
1189,2011-06-22,325.16,322.38,328.9,322.61,Stoploss
1190,2011-06-23,318.94,318.12,331.69,331.23,Stoploss
1191,2011-06-24,331.37,325.09,333.15,326.35,Stoploss
1192,2011-06-27,327.59,327.25,333.9,332.04,Stoploss
1193,2011-06-28,333.65,333.44,336.7,335.26,Stoploss
1194,2011-06-29,336.04,331.88,336.37,334.04,Stoploss
1195,2011-06-30,334.7,332.84,336.13,335.67,Stoploss
1196,2011-07-01,335.95,334.2,343.5,343.26,Stoploss
1197,2011-07-05,343.0,342.5,349.83,349.43,Stoploss
1198,2011-07-06,348.95,346.71,354.1,351.76,Stoploss
1199,2011-07-07,354.67,354.0,358.0,357.2,Stoploss
1200,2011-07-08,353.34,352.2,360.0,359.71,Stoploss
1201,2011-07-11,356.34,352.82,359.77,354.0,Stoploss
1202,2011-07-12,353.53,348.62,357.68,353.75,Stoploss
1203,2011-07-13,358.33,356.38,360.0,358.02,Stoploss
1204,2011-07-14,361.01,356.34,361.61,357.77,Stoploss
1205,2011-07-15,361.17,359.17,365.0,364.92,Null
1206,2011-07-18,365.43,365.28,374.65,373.8,Null
1207,2011-07-19,378.0,373.32,378.65,376.85,Null
1208,2011-07-20,396.12,386.0,396.27,386.9,Null
1209,2011-07-21,386.95,383.9,390.06,387.29,Null
1210,2011-07-22,388.32,387.75,395.05,393.3,Null
1211,2011-07-25,390.35,389.62,400.0,398.5,Null
1212,2011-07-26,400.0,399.68,404.5,403.41,Null
1213,2011-07-27,400.59,392.15,402.64,392.59,Stoploss
1214,2011-07-28,391.62,388.13,396.99,391.82,Stoploss
1215,2011-07-29,387.64,384.0,395.15,390.48,Stoploss
1216,2011-08-01,397.78,392.37,399.5,396.75,Stoploss
1217,2011-08-02,397.65,388.35,397.9,388.91,Stoploss
1218,2011-08-03,390.98,382.24,393.55,392.57,Stoploss
1219,2011-08-04,389.41,377.35,391.32,377.37,Stoploss
1220,2011-08-05,380.44,362.57,383.5,373.62,Stoploss
1221,2011-08-08,361.69,353.02,367.77,353.21,Stoploss
1222,2011-08-09,361.3,355.0,374.61,374.01,Stoploss
1223,2011-08-10,371.15,362.5,374.65,363.69,Stoploss
1224,2011-08-11,370.52,364.72,375.45,373.7,Stoploss
1225,2011-08-12,378.07,374.23,379.64,376.99,Stoploss
1226,2011-08-15,379.63,378.09,384.97,383.41,Stoploss
1227,2011-08-16,381.52,376.06,383.37,380.48,Stoploss
1228,2011-08-17,382.31,378.0,384.52,380.44,Stoploss
1229,2011-08-18,370.84,361.37,372.65,366.05,Stoploss
1230,2011-08-19,362.17,356.0,367.0,356.03,Stoploss
1231,2011-08-22,364.51,355.09,364.88,356.44,Stoploss
1232,2011-08-23,360.3,357.0,373.64,373.6,Stoploss
1233,2011-08-24,373.47,370.6,378.96,376.18,Stoploss
1234,2011-08-25,365.08,365.0,375.45,373.72,Stoploss
1235,2011-08-26,371.17,370.8008,383.8,383.58,Stoploss
1236,2011-08-29,388.18,388.0,391.5,389.97,Stoploss
1237,2011-08-30,388.25,386.21,391.84,389.99,Stoploss
1238,2011-08-31,390.57,381.86,392.08,384.83,Stoploss
1239,2011-09-01,385.82,380.72,387.3399,381.03,Stoploss
1240,2011-09-02,374.74,371.83,378.0,374.05,Stoploss
1241,2011-09-06,367.37,366.48,380.33,379.74,Stoploss
1242,2011-09-07,385.56,382.0,385.6,383.93,Stoploss
1243,2011-09-08,382.4,382.31,388.61,384.14,Stoploss
1244,2011-09-09,383.93,375.02,386.0,377.48,Stoploss
1245,2011-09-12,375.89,371.9,380.88,379.94,Stoploss
1246,2011-09-13,382.14,380.25,386.21,384.62,Stoploss
1247,2011-09-14,387.02,385.76,392.21,389.3,Stoploss
1248,2011-09-15,391.43,389.9,393.66,392.96,Stoploss
1249,2011-09-16,395.54,395.03,400.50300000000004,400.5,Stoploss
1250,2011-09-19,397.0,395.2045,413.23,411.63,Null
1251,2011-09-20,415.25,411.19,422.86,413.45,Null
1252,2011-09-21,419.64,412.0,421.59,412.14,Null
1253,2011-09-22,401.03,396.7,409.82,401.82,Stoploss
1254,2011-09-23,400.28,399.85,406.74,404.3,Stoploss
1255,2011-09-26,399.86,391.3,403.98,403.17,Stoploss
1256,2011-09-27,408.73,398.06,409.25,399.26,Stoploss
1257,2011-09-28,400.19,396.51,403.74,397.01,Stoploss
1258,2011-09-29,401.92,386.21,402.21,390.57,Stoploss
1259,2011-09-30,387.12,381.18,388.89,381.32,Stoploss
1260,2011-10-03,380.37,373.171,382.64,374.6,Stoploss
1261,2011-10-04,374.57,354.24,381.8,372.5,Stoploss
1262,2011-10-05,367.86,360.3,379.82,378.25,Stoploss
1263,2011-10-06,373.33,371.8045,384.78,377.37,Stoploss
1264,2011-10-07,375.78,368.48900000000003,377.74,369.8,Stoploss
1265,2011-10-10,379.09,378.21,388.81,388.81,Stoploss
1266,2011-10-11,392.57,391.5,403.18,400.29,Stoploss
1267,2011-10-12,407.34,400.14,409.25,402.19,Stoploss
1268,2011-10-13,404.98,402.85,408.43,408.43,Stoploss
1269,2011-10-14,416.83,415.27,422.0,422.0,Null
1270,2011-10-17,421.74,415.94,426.7,419.99,Stoploss
1271,2011-10-18,421.76,415.99,424.8067,422.24,Null
1272,2011-10-19,401.35,397.8,408.41900000000004,398.62,Stoploss
1273,2011-10-20,400.0,394.21,400.35,395.31,Stoploss
1274,2011-10-21,398.1,390.75,399.14,392.87,Stoploss
1275,2011-10-24,396.18,395.4,406.5,405.77,Stoploss
1276,2011-10-25,405.03,397.38,406.55,397.77,Stoploss
1277,2011-10-26,401.76,393.151,402.55,400.6,Stoploss
1278,2011-10-27,407.56,401.89,409.0,404.69,Stoploss
1279,2011-10-28,403.0,402.51,406.35,404.95,Stoploss
1280,2011-10-31,402.42,401.05,409.33,404.78,Stoploss
1281,2011-11-01,397.41,393.22,399.5,396.51,Stoploss
1282,2011-11-02,400.09,395.11,400.44,397.41,Stoploss
1283,2011-11-03,399.07,395.36,403.4,403.07,Stoploss
1284,2011-11-04,402.03,399.16,403.44,400.24,Stoploss
1285,2011-11-07,399.91,396.13,400.0,399.73,Stoploss
1286,2011-11-08,402.21,401.56,408.0,406.23,Stoploss
1287,2011-11-09,396.97,394.23,400.89,395.28,Stoploss
1288,2011-11-10,397.03,382.15,397.21,385.22,Stoploss
1289,2011-11-11,386.61,380.26,388.7,384.62,Stoploss
1290,2011-11-14,383.5201,378.2,385.25,379.26,Stoploss
1291,2011-11-15,380.8,379.45,389.5,388.83,Stoploss
1292,2011-11-16,389.25,384.32,391.14,384.77,Stoploss
1293,2011-11-17,383.98,375.5,384.58,377.41,Stoploss
1294,2011-11-18,378.92,374.88,379.99,374.94,Stoploss
1295,2011-11-21,370.4,365.91,371.68,369.01,Stoploss
1296,2011-11-22,371.02,370.94,377.93,376.51,Stoploss
1297,2011-11-23,374.51,366.88,375.84,366.99,Stoploss
1298,2011-11-25,368.42,363.32,371.15,363.57,Stoploss
1299,2011-11-28,372.35,370.33,376.72,376.12,Stoploss
1300,2011-11-29,375.84,370.2,378.83,373.2,Stoploss
1301,2011-11-30,381.29,378.3,382.276,382.2,Stoploss
1302,2011-12-01,382.54,380.75,389.0,387.93,Stoploss
1303,2011-12-02,389.83,388.58,393.6299,389.7,Stoploss
1304,2011-12-05,393.49,390.38800000000003,396.41,393.01,Stoploss
1305,2011-12-06,392.51,389.38,394.63,390.95,Stoploss
1306,2011-12-07,389.93,386.7625,390.94,389.09,Stoploss
1307,2011-12-08,391.45,390.23,395.5,390.66,Stoploss
1308,2011-12-09,392.85,391.03,394.04,393.62,Stoploss
1309,2011-12-12,391.68,389.45,393.9,391.84,Stoploss
1310,2011-12-13,393.0,387.1,395.4,388.81,Stoploss
1311,2011-12-14,386.7,377.68,387.38,380.19,Stoploss
1312,2011-12-15,383.33,378.31,383.74,378.94,Stoploss
1313,2011-12-16,380.36,379.57,384.15,381.02,Stoploss
1314,2011-12-19,382.47,380.48,384.85,382.21,Stoploss
1315,2011-12-20,387.76,387.26,396.1,395.95,Stoploss
1316,2011-12-21,396.69,392.01,397.3,396.445,Stoploss
1317,2011-12-22,397.0,396.1,399.13,398.55,Stoploss
1318,2011-12-23,399.69,399.495,403.59,403.33,Stoploss
1319,2011-12-27,403.1,403.02,409.09,406.53,Stoploss
1320,2011-12-28,406.89,401.34,408.25,402.64,Stoploss
1321,2011-12-29,403.4,400.51,405.65,405.12,Stoploss
1322,2011-12-30,403.51,403.49,406.28,405.0,Stoploss
