,Date,Open,High,Low,Close
0,2006-10-02,75.1,75.87,74.3,74.86
1,2006-10-03,74.45,74.95,73.19,74.07
2,2006-10-04,74.1,75.462,73.16,75.38
3,2006-10-05,74.53,76.16,74.13,74.83
4,2006-10-06,74.42,75.04,73.81,74.22
5,2006-10-09,73.8,75.08,73.53,74.63
6,2006-10-10,74.54,74.58,73.08,73.81
7,2006-10-11,73.42,73.98,72.6,73.23
8,2006-10-12,73.61,75.39,73.6,75.26
9,2006-10-13,75.63,76.88,74.74,75.02
10,2006-10-16,75.19,75.88,74.789,75.4
11,2006-10-17,75.04,75.27,74.04,74.29
12,2006-10-18,74.75,78.59,73.91,74.53
13,2006-10-19,79.26,79.95,78.16,78.99
14,2006-10-20,78.97,79.99,78.67,79.95
15,2006-10-23,79.99,81.9,79.75,81.46
16,2006-10-24,81.21,81.68,80.2,81.05
17,2006-10-25,81.35,82.0,81.01,81.68
18,2006-10-26,81.9,82.6,81.13,82.19
19,2006-10-27,81.75,82.45,80.01,80.41
20,2006-10-30,79.985,80.9,79.5,80.42
21,2006-10-31,81.45,81.68,80.23,81.08
22,2006-11-01,81.1,81.38,78.36,79.16
23,2006-11-02,78.915,79.32,78.5,78.98
24,2006-11-03,79.36,79.53,77.79,78.29
25,2006-11-06,78.95,80.06,78.43,79.71
26,2006-11-07,80.45,81.0,80.13,80.51
27,2006-11-08,80.02,82.69,79.89,82.45
28,2006-11-09,82.9,84.69,82.12,83.34
29,2006-11-10,83.55,83.6,82.5,83.12
30,2006-11-13,83.22,84.45,82.64,84.35
31,2006-11-14,84.8,85.0,83.9,85.0
32,2006-11-15,85.05,85.9,84.0,84.05
33,2006-11-16,84.87,86.3,84.62,85.61
34,2006-11-17,85.145,85.94,85.0,85.85
35,2006-11-20,85.4,87.0,85.2,86.47
36,2006-11-21,87.42,88.6,87.11,88.6
37,2006-11-22,88.99,90.75,87.85,90.31
38,2006-11-24,89.53,93.08,89.5,91.63
39,2006-11-27,92.51,93.15899999999999,89.5,89.54
40,2006-11-28,90.36,91.97,89.91,91.81
41,2006-11-29,93.0,93.15,90.25,91.8
42,2006-11-30,92.215,92.68,91.06,91.66
43,2006-12-01,91.8,92.33,90.1,91.32
44,2006-12-04,91.88,92.05,90.5,91.12
45,2006-12-05,91.655,92.33,90.87,91.27
46,2006-12-06,90.645,91.39,89.67,89.83
47,2006-12-07,90.025,90.5,86.9,87.04
48,2006-12-08,87.23,89.39,87.0,88.26
49,2006-12-11,88.9,89.3,88.05,88.75
50,2006-12-12,88.61,88.84,85.53,86.14
51,2006-12-13,87.95,89.07,87.15,89.05
52,2006-12-14,89.05,90.0,88.26,88.55
53,2006-12-15,89.02,89.22,87.33,87.72
54,2006-12-18,87.625,88.0,84.59,85.47
55,2006-12-19,84.73,86.68,83.62,86.31
56,2006-12-20,86.47,86.67,84.74,84.76
57,2006-12-21,84.6956,85.48,82.2,82.9
58,2006-12-22,83.46,84.0391,81.6,82.2
59,2006-12-26,82.15,82.57,80.89,81.51
60,2006-12-27,78.15,82.0,76.77,81.52
61,2006-12-28,80.22,81.25,79.65,80.87
62,2006-12-29,83.95,85.4,83.36,84.84
63,2007-01-03,86.29,86.58,81.9,83.8
64,2007-01-04,84.05,85.95,83.82,85.66
65,2007-01-05,85.77,86.2,84.4,85.05
66,2007-01-08,85.96,86.53,85.28,85.47
67,2007-01-09,86.45,92.98,85.15,92.57
68,2007-01-10,94.75,97.8,93.45,97.0
69,2007-01-11,95.94,96.78,95.1,95.8
70,2007-01-12,94.59,95.06,93.23,94.62
71,2007-01-16,95.68,97.25,95.45,97.1
72,2007-01-17,97.56,97.6,94.82,94.95
73,2007-01-18,92.1,92.11,89.05,89.07
74,2007-01-19,88.63,89.65,88.12,88.5
75,2007-01-22,89.14,89.16,85.65,86.79
76,2007-01-23,85.73,87.51,85.51,85.7
77,2007-01-24,86.68,87.15,86.08,86.7
78,2007-01-25,87.111,88.5,86.03,86.25
79,2007-01-26,87.115,87.37,84.99,85.38
80,2007-01-29,86.3,86.65,85.53,85.94
81,2007-01-30,86.43,86.49,85.25,85.55
82,2007-01-31,84.86,86.0,84.35,85.73
83,2007-02-01,86.23,86.27,84.74,84.74
84,2007-02-02,84.12,85.25,83.7,84.75
85,2007-02-05,84.3,85.23,83.94,83.94
86,2007-02-06,84.45,84.47,82.86,84.15
87,2007-02-07,84.48,86.38,83.55,86.15
88,2007-02-08,85.43,86.51,85.41,86.18
89,2007-02-09,85.88,86.2,83.21,83.27
90,2007-02-12,84.43,85.18,83.63,84.88
91,2007-02-13,85.16,85.29,84.3,84.7
92,2007-02-14,84.63,85.64,84.57,85.3
93,2007-02-15,85.44,85.62,84.78,85.21
94,2007-02-16,85.25,85.41,84.66,84.83
95,2007-02-20,84.65,86.16,84.16,85.9
96,2007-02-21,85.98,89.49,85.96,89.2
97,2007-02-22,90.8,90.81,88.53,89.51
98,2007-02-23,89.16,90.34,88.85,89.07
99,2007-02-26,89.84,90.0,87.61,88.65
100,2007-02-27,86.3,87.08,83.41,83.93
101,2007-02-28,83.0,85.6,83.0,84.61
102,2007-03-01,84.03,88.31,83.75,87.06
103,2007-03-02,86.77,87.54,85.21,85.41
104,2007-03-05,85.89,88.65,85.76,86.3199
105,2007-03-06,87.8,88.31,87.4,88.19
106,2007-03-07,88.05,88.97,87.45,87.72
107,2007-03-08,88.59,88.72,87.46,88.0
108,2007-03-09,88.8,88.85,87.4,87.97
109,2007-03-12,88.07,89.99,87.99,89.87
110,2007-03-13,89.41,90.6,88.4,88.4
111,2007-03-14,88.6,90.0,87.92,90.0
112,2007-03-15,89.96,90.36,89.31,89.57
113,2007-03-16,89.538,89.99,89.32,89.59
114,2007-03-19,90.24,91.55,89.59,91.13
115,2007-03-20,91.35,91.84,91.06,91.48
116,2007-03-21,91.99,94.0,91.65,93.87
117,2007-03-22,93.73,94.36,93.0,93.96
118,2007-03-23,93.35,94.07,93.3,93.52
119,2007-03-26,93.99,95.9,93.3,95.85
120,2007-03-27,95.71,96.83,95.0,95.46
121,2007-03-28,94.88,95.4,93.15,93.24
122,2007-03-29,94.19,94.19,92.23,93.75
123,2007-03-30,94.28,94.68,92.75,92.91
124,2007-04-02,94.14,94.25,93.02,93.65
125,2007-04-03,94.14,95.23,93.76,94.5
126,2007-04-04,94.94,95.14,94.13,94.27
127,2007-04-05,94.12,94.68,93.52,94.68
128,2007-04-09,95.21,95.3,93.04,93.65
129,2007-04-10,93.67,94.258,93.41,94.25
130,2007-04-11,93.9,93.95,92.33,92.59
131,2007-04-12,92.04,92.31,90.72,92.19
132,2007-04-13,90.9,91.4001,90.0599,90.24
133,2007-04-16,90.57,91.5,90.25,91.43
134,2007-04-17,92.0,92.3,89.7,90.35
135,2007-04-18,90.16,90.85,89.6,90.4
136,2007-04-19,90.19,91.25,89.83,90.27
137,2007-04-20,90.889,91.18,90.55,90.97
138,2007-04-23,91.585,93.8,91.42,93.51
139,2007-04-24,93.96,96.39,91.3,93.24
140,2007-04-25,94.23,95.4,93.8,95.348
141,2007-04-26,101.58,102.5,98.3,98.84
142,2007-04-27,98.18,99.95,97.69,99.92
143,2007-04-30,100.09,101.0,99.67,99.8
144,2007-05-01,99.59,100.35,98.55,99.47
145,2007-05-02,99.65,100.54,99.47,100.39
146,2007-05-03,100.73,101.45,100.01,100.4
147,2007-05-04,100.8,101.6,100.5,100.81
148,2007-05-07,101.08,104.35,101.01,103.92
149,2007-05-08,103.47,105.15,103.42,105.06
150,2007-05-09,104.91,106.96,104.89,106.88
151,2007-05-10,106.63,108.84,105.92,107.34
152,2007-05-11,107.74,109.13,106.78,108.74
153,2007-05-14,109.62,110.0,108.25,109.36
154,2007-05-15,109.57,110.2,106.48,107.52
155,2007-05-16,108.53,108.83,103.42,107.34
156,2007-05-17,107.15,109.87,107.15,109.44
157,2007-05-18,110.23,110.64,109.77,110.02
158,2007-05-21,110.31,112.45,110.05,111.98
159,2007-05-22,112.49,113.75,112.01,113.54
160,2007-05-23,114.02,115.0,112.59,112.89
161,2007-05-24,112.81,114.46,110.37,110.69
162,2007-05-25,112.0,113.78,111.5,113.62
163,2007-05-29,114.45,114.86,112.69,114.35
164,2007-05-30,114.3,118.88,113.53,118.77
165,2007-05-31,120.07,122.17,119.541,121.191
166,2007-06-01,121.1,121.19,118.29,118.4
167,2007-06-04,118.63,121.73,117.9,121.33
168,2007-06-05,121.41,122.69,120.5,122.67
169,2007-06-06,122.3,124.05,121.95,123.64
170,2007-06-07,124.99,127.61,123.19,124.069
171,2007-06-08,125.825,125.83,122.29,124.49
172,2007-06-11,126.0,126.15,119.54,120.19
173,2007-06-12,119.35,121.71,118.31,120.38
174,2007-06-13,121.15,121.19,115.4,117.5
175,2007-06-14,117.2,119.45,116.42,118.75
176,2007-06-15,120.62,120.67,119.86,120.5
177,2007-06-18,123.28,125.18,122.54,125.09
178,2007-06-19,124.69,125.01,122.91,123.66
179,2007-06-20,123.87,124.66,121.5,121.55
180,2007-06-21,121.7,124.29,120.72,123.9
181,2007-06-22,123.85,124.45,122.38,123.0
182,2007-06-25,124.19,125.09,121.06,122.34
183,2007-06-26,123.98,124.0,118.72,119.65
184,2007-06-27,120.61,122.04,119.26,121.89
185,2007-06-28,122.36,122.49,120.0,120.56
186,2007-06-29,121.97,124.0,121.09,122.04
187,2007-07-02,121.05,122.09,119.3,121.26
188,2007-07-03,122.0,127.4,121.5,127.17
189,2007-07-05,128.8,132.97,128.69,132.75
190,2007-07-06,133.13,133.34,130.4,132.3
191,2007-07-09,132.38,132.9,129.18,130.3301
192,2007-07-10,128.88,134.5,128.81,132.35
193,2007-07-11,132.07,133.7,131.31,132.39
194,2007-07-12,133.85,134.24,132.39,134.0699
195,2007-07-13,135.03,137.85,134.52,137.73
196,2007-07-16,138.39,139.98,137.5,138.1
197,2007-07-17,138.3,139.6,137.5,138.9099
198,2007-07-18,138.19,138.44,136.04,138.12
199,2007-07-19,140.3,140.81,139.65,140.0
200,2007-07-20,141.65,144.18,140.0,143.75
201,2007-07-23,143.31,145.22,140.93,143.7
202,2007-07-24,138.88,141.0,134.15,134.8899
203,2007-07-25,137.35,138.36,135.0,137.26
204,2007-07-26,145.87,148.5,136.96,146.0
205,2007-07-27,146.19,148.92,143.78,143.85
206,2007-07-30,144.33,145.45,139.57,141.43
207,2007-07-31,142.97,143.48,131.52,131.76
208,2007-08-01,133.64,135.38,127.77,135.0
209,2007-08-02,136.65,136.96,134.15,136.49
210,2007-08-03,135.26,135.95,131.5,131.8499
211,2007-08-06,132.9,135.27,128.3,135.25
212,2007-08-07,134.94,137.24,132.63,135.0301
213,2007-08-08,136.76,136.86,132.0,134.01
214,2007-08-09,131.11,133.0,125.09,126.39
215,2007-08-10,123.12,127.75,120.3,125.0
216,2007-08-13,128.33,129.35,126.5,127.79
217,2007-08-14,128.29,128.3,123.71,124.03
218,2007-08-15,122.74,124.86,119.65,119.9
219,2007-08-16,117.01,118.5,111.62,117.05
220,2007-08-17,122.01,123.5,119.82,122.06
221,2007-08-20,123.96,124.5,120.5,122.22
222,2007-08-21,122.21,128.96,121.0,127.57
223,2007-08-22,131.22,132.75,130.33,132.51
224,2007-08-23,133.09,133.34,129.76,131.07
225,2007-08-24,130.53,135.37,129.81,135.3
226,2007-08-27,133.3907,134.66,132.1,132.25
227,2007-08-28,130.99,132.41,126.63,126.82
228,2007-08-29,129.88,134.18,129.54,134.08
229,2007-08-30,132.67,138.25,132.3,136.25
230,2007-08-31,139.49,139.65,137.41,138.48
231,2007-09-04,139.94,145.73,139.84,144.16
232,2007-09-05,144.97,145.84,136.1,136.76
233,2007-09-06,135.57,137.57,132.71,135.01
234,2007-09-07,132.01,132.3,130.0,131.77
235,2007-09-10,137.0,138.04,133.95,136.71
236,2007-09-11,137.9,138.3,133.75,135.49
237,2007-09-12,135.99,139.4,135.75,136.85
238,2007-09-13,138.83,139.0,136.65,137.2
239,2007-09-14,136.57,138.98,136.2,138.81
240,2007-09-17,138.99,140.59,137.6,138.41
241,2007-09-18,139.05,142.85,137.83,140.92
242,2007-09-19,143.02,143.16,139.4,140.7699
243,2007-09-20,140.15,141.79,139.32,140.31
244,2007-09-21,141.14,144.65,140.31,144.15
245,2007-09-24,146.73,149.85,146.65,148.28
246,2007-09-25,146.84,153.22,146.82,153.18
247,2007-09-26,154.47,155.0,151.25,152.77
248,2007-09-27,153.77,154.52,152.32,154.5
249,2007-09-28,153.44,154.6,152.75,153.47
250,2007-10-01,154.63,157.41,152.93,156.339
251,2007-10-02,156.55,158.59,155.89,158.45
252,2007-10-03,157.78,159.18,157.01,157.9201
253,2007-10-04,158.0,158.08,153.5,156.24
254,2007-10-05,158.36,161.58,157.7,161.4499
255,2007-10-08,163.49,167.91,162.97,167.91
256,2007-10-09,170.2,171.11,166.68,167.86
257,2007-10-10,167.55,167.88,165.6,166.79
258,2007-10-11,169.49,171.88,153.21,162.23
259,2007-10-12,163.01,167.28,161.8,167.2537
260,2007-10-15,167.98,169.57,163.5,166.98
261,2007-10-16,165.54,170.18,165.15,169.58
262,2007-10-17,172.69,173.04,169.18,172.75
263,2007-10-18,171.5,174.19,171.05,173.5
264,2007-10-19,174.24,174.63,170.0,170.42
265,2007-10-22,170.35,174.9,169.9601,174.36
266,2007-10-23,188.56,188.6,182.76,186.16
267,2007-10-24,185.81,187.21,179.24,185.93
268,2007-10-25,184.87,185.9,181.66,182.78
269,2007-10-26,185.29,185.37,182.88,184.7
270,2007-10-29,185.7,186.59,184.7,185.09
271,2007-10-30,186.18,189.37,184.73,187.0
272,2007-10-31,187.63,190.12,184.95,189.95
273,2007-11-01,188.6,190.1,180.0,187.44
274,2007-11-02,189.21,189.44,183.49,187.87
275,2007-11-05,185.29,188.96,184.24,186.18
276,2007-11-06,187.05,192.0,185.27,191.79
277,2007-11-07,190.61,192.68,186.13,186.2999
278,2007-11-08,186.67,186.9,167.77,175.4663
279,2007-11-09,171.15,175.12,165.21,165.37
280,2007-11-12,165.28,167.7,150.63,153.76
281,2007-11-13,160.85,170.98,153.76,169.96
282,2007-11-14,177.16,177.57,163.74,166.11
283,2007-11-15,166.39,169.59,160.3,164.3
284,2007-11-16,165.3,167.02,159.33,166.39
285,2007-11-19,166.1,168.2,162.1,163.95
286,2007-11-20,165.67,171.79,163.53,168.85
287,2007-11-21,165.84,172.35,164.67,168.46
288,2007-11-23,172.0,172.05,169.75,171.54
289,2007-11-26,173.59,177.2699,172.35,172.5419
290,2007-11-27,175.22,175.79,170.01,174.81
291,2007-11-28,176.82,180.6,175.35,180.22
292,2007-11-29,179.43,185.17,179.15,184.29
293,2007-11-30,187.34,187.7,179.7,182.22
294,2007-12-03,181.86,184.14,177.7,178.86
295,2007-12-04,177.15,180.9,176.99,179.81
296,2007-12-05,182.89,186.0,182.41,185.5
297,2007-12-06,186.19,190.1,186.12,189.9528
298,2007-12-07,190.54,194.99,188.04,194.3
299,2007-12-10,193.59,195.66,192.69,194.21
300,2007-12-11,194.75,196.83,187.39,188.5404
301,2007-12-12,193.44,194.48,185.76,190.86
302,2007-12-13,190.19,192.12,187.82,191.83
303,2007-12-14,190.37,200.0,189.54,190.39
304,2007-12-17,190.72,192.65,182.98,184.4
305,2007-12-18,186.52,187.33,178.6,182.98
306,2007-12-19,182.98,184.6394,180.9,183.12
307,2007-12-20,185.43,187.83,183.33,187.21
308,2007-12-21,190.12,193.9125,189.89,193.91
309,2007-12-24,195.03,199.33,194.79,198.8
310,2007-12-26,199.01,200.96,196.82,198.95
311,2007-12-27,198.95,202.96,197.8,198.57
312,2007-12-28,200.59,201.56,196.8801,199.83
313,2007-12-31,199.5,200.5,197.75,198.08
314,2008-01-02,199.27,200.26,192.55,194.84
315,2008-01-03,195.41,197.39,192.69,194.93
316,2008-01-04,191.45,193.0,178.89,180.05
317,2008-01-07,181.25,183.6,170.23,177.64
318,2008-01-08,180.14,182.46,170.8,171.25
319,2008-01-09,171.3,179.5,168.3,179.4
320,2008-01-10,177.58,181.0,175.41,178.02
321,2008-01-11,176.0,177.85,170.0,172.69
322,2008-01-14,177.52,179.42,175.17,178.78
323,2008-01-15,177.72,179.22,164.66,169.04
324,2008-01-16,165.23,169.01,156.7,159.64
325,2008-01-17,161.51,165.36,158.42,160.89
326,2008-01-18,161.71,165.75,159.61,161.36
327,2008-01-22,148.06,159.98,146.0,155.64
328,2008-01-23,136.19,140.0,126.14,139.072
329,2008-01-24,139.99,140.7,132.01,135.6
330,2008-01-25,138.99,139.09,129.61,130.01
331,2008-01-28,128.16,133.2,126.45,130.01
332,2008-01-29,131.15,132.79,129.05,131.54
333,2008-01-30,131.37,135.45,130.0,132.18
334,2008-01-31,129.45,136.65,129.4,135.36
335,2008-02-01,136.24,136.59,132.18,133.75
336,2008-02-04,134.21,135.9,131.42,131.65
337,2008-02-05,130.43,134.0,128.9,129.36
338,2008-02-06,130.83,131.92,121.77,122.0
339,2008-02-07,119.97,124.78,117.27,121.24
340,2008-02-08,122.08,125.7,121.6,125.48
341,2008-02-11,128.01,129.98,127.2,129.45
342,2008-02-12,130.7,131.0,123.62,124.86
343,2008-02-13,126.68,129.78,125.63,129.4
344,2008-02-14,129.4,130.8,127.01,127.46
345,2008-02-15,126.27,127.08,124.06,124.63
346,2008-02-19,125.99,126.75,121.44,122.18
347,2008-02-20,122.2,124.6,121.68,123.82
348,2008-02-21,126.05,126.47,120.86,121.54
349,2008-02-22,122.48,122.51,115.87,119.46
350,2008-02-25,118.59,120.17,116.664,119.74
351,2008-02-26,117.64,121.09,115.44,119.15
352,2008-02-27,118.23,123.05,118.09,122.96
353,2008-02-28,127.2,132.2,125.77,129.91
354,2008-02-29,129.75,130.21,124.8,125.02
355,2008-03-03,124.44,125.98,118.0,121.73
356,2008-03-04,121.99,124.88,120.4,124.62
357,2008-03-05,123.58,125.14,122.25,124.4899
358,2008-03-06,124.4899,127.5,120.81,120.93
359,2008-03-07,120.41,122.9799,119.05,122.25
360,2008-03-10,121.98,123.46,119.37,119.69
361,2008-03-11,124.1,127.48,122.0,127.3501
362,2008-03-12,127.04,128.68,125.17,126.03
363,2008-03-13,124.1,129.5,123.0,127.94
364,2008-03-14,129.88,130.3,124.2,126.61
365,2008-03-17,122.55,128.59,122.55,126.73
366,2008-03-18,129.18,133.0015,128.67,132.82
367,2008-03-19,133.12,134.29,129.67,129.67
368,2008-03-20,131.12,133.2915,129.18,133.27
369,2008-03-24,134.01,140.85,133.64,139.53
370,2008-03-25,139.96,143.1,137.33,140.98
371,2008-03-26,140.87,145.74,140.64,145.06
372,2008-03-27,144.95,145.31,139.99,140.25
373,2008-03-28,141.8,144.65,141.6,143.01
374,2008-03-31,143.27,145.71,142.52,143.5
375,2008-04-01,146.3,149.66,143.61,149.5301
376,2008-04-02,148.78,151.2,145.85,147.49
377,2008-04-03,147.06,153.63,147.0,151.61
378,2008-04-04,152.19,154.715,150.75,153.08
379,2008-04-07,156.13,159.69,155.11,155.89
380,2008-04-08,153.55,156.45,152.32,152.84
381,2008-04-09,153.31,153.89,150.46,151.44
382,2008-04-10,151.13,155.42,150.6,154.55
383,2008-04-11,152.72,153.3,146.4,147.14
384,2008-04-14,146.77,149.25,144.54,147.78
385,2008-04-15,149.4,149.72,145.72,148.38
386,2008-04-16,151.76,154.1,150.62,153.7
387,2008-04-17,154.18,156.0,153.35,154.49
388,2008-04-18,159.04,162.26,158.38,161.04
389,2008-04-21,162.35,168.5,161.76,168.16
390,2008-04-22,167.41,168.0,158.09,160.2
391,2008-04-23,164.05,164.84,161.08,162.89
392,2008-04-24,165.31,169.98,159.194,168.94
393,2008-04-25,170.6,171.1,166.42,169.73
394,2008-04-28,169.74,173.75,169.13,172.24
395,2008-04-29,171.11,175.66,170.25,175.05
396,2008-04-30,176.26,180.0,172.92,173.95
397,2008-05-01,175.01,180.0,174.86,180.0
398,2008-05-02,180.31,181.92,178.55,180.94
399,2008-05-05,181.81,185.31,181.05,184.73
400,2008-05-06,184.56,187.12,182.18,186.66
401,2008-05-07,186.13,188.2,180.54,182.59
402,2008-05-08,183.75,186.5,183.07,185.06
403,2008-05-09,183.18,184.25,181.37,183.45
404,2008-05-12,185.12,188.87,182.85,188.16
405,2008-05-13,188.6,191.45,187.86,189.96
406,2008-05-14,191.29,192.24,185.57,186.26
407,2008-05-15,186.78,189.9,184.2,189.73
408,2008-05-16,190.3,190.3,187.0,187.6201
409,2008-05-19,187.9,188.69,181.3,183.6
410,2008-05-20,181.83,186.16,180.12,185.9
411,2008-05-21,185.61,188.0,176.25,178.19
412,2008-05-22,179.18,181.33,172.0,177.05
413,2008-05-23,180.75,181.99,177.8,181.17
414,2008-05-27,182.8,186.43,181.84,186.43
415,2008-05-28,187.49,187.95,183.72,187.01
416,2008-05-29,186.93,188.2,185.5,186.69
417,2008-05-30,187.5,189.54,187.38,188.75
418,2008-06-02,188.5,189.65,184.53,186.1
419,2008-06-03,186.9,188.2,182.3354,185.37
420,2008-06-04,184.0,187.09,183.23,185.19
421,2008-06-05,186.25,189.84,185.7,189.43
422,2008-06-06,188.0,189.95,185.55,185.64
423,2008-06-09,184.92,184.94,175.75,181.61
424,2008-06-10,180.33,186.78,179.02,185.64
425,2008-06-11,184.34,186.0,179.59,180.81
426,2008-06-12,181.45,182.6,171.2,173.26
427,2008-06-13,171.5,174.16,165.31,172.37
428,2008-06-16,171.25,177.9,169.07,176.84
429,2008-06-17,178.17,181.99,177.41,181.43
430,2008-06-18,181.0,182.2,177.35,178.75
431,2008-06-19,178.48,182.34,176.8,180.9
432,2008-06-20,176.55,181.0,175.0,175.27
433,2008-06-23,174.78,175.88,171.56,173.16
434,2008-06-24,172.06,175.78,171.63,173.25
435,2008-06-25,174.5,178.83,173.88,177.39
436,2008-06-26,174.14,174.84400000000002,168.01,168.26
437,2008-06-27,166.44,170.57,164.15,170.09
438,2008-06-30,170.04,172.0,166.62,167.44
439,2008-07-01,164.05,174.72,164.0,174.68
440,2008-07-02,175.05,177.45,168.1788,168.18
441,2008-07-03,169.59,172.17,165.75,170.12
442,2008-07-07,173.0,177.13,171.9,175.16
443,2008-07-08,175.4,179.7,172.7401,179.55
444,2008-07-09,180.25,180.91,174.14,174.25
445,2008-07-10,174.91,177.34,171.37,176.63
446,2008-07-11,175.37,177.11,171.0,172.58
447,2008-07-14,175.37,179.3,173.08,173.88
448,2008-07-15,172.3,173.74,166.39,169.64
449,2008-07-16,170.08,172.93,168.6,172.81
450,2008-07-17,174.09,174.98,171.39,171.81
451,2008-07-18,168.21,169.65,165.0,165.15
452,2008-07-21,166.9,167.5,161.12,166.29
453,2008-07-22,148.9,162.76,146.53,162.02
454,2008-07-23,165.15,168.37,161.56,166.26
455,2008-07-24,164.3,165.26,158.45,159.03
456,2008-07-25,160.37,163.0,158.65,162.12
457,2008-07-28,162.18,162.47,154.02,154.4
458,2008-07-29,156.55,159.45,153.65,157.08
459,2008-07-30,157.71,160.49,156.08,159.88
460,2008-07-31,157.7,162.2,156.98,158.95
461,2008-08-01,159.94,159.99,155.75,156.66
462,2008-08-04,156.58,157.9,152.91,153.23
463,2008-08-05,155.5,160.8,154.82,160.64
464,2008-08-06,159.97,167.4,158.0,164.19
465,2008-08-07,162.89,166.15,161.5,163.57
466,2008-08-08,163.86,169.65,163.75,169.55
467,2008-08-11,170.07,176.5,169.67,173.56
468,2008-08-12,173.52,179.29,173.51,176.73
469,2008-08-13,177.98,180.0,175.9,179.3
470,2008-08-14,178.33,180.45,177.84,179.32
471,2008-08-15,179.04,179.75,175.05,175.74
472,2008-08-18,175.57,177.81,173.82,175.39
473,2008-08-19,174.54,177.07,171.81,173.53
474,2008-08-20,174.7725,176.94,173.61,175.84
475,2008-08-21,174.47,175.45,171.89,174.29
476,2008-08-22,175.82,177.5,175.57,176.79
477,2008-08-25,176.15,176.23,171.66,172.55
478,2008-08-26,172.76,174.88,172.6101,173.64
479,2008-08-27,173.31,175.76,172.1909,174.67
480,2008-08-28,175.28,176.25,172.75,173.74
481,2008-08-29,172.96,173.5,169.0401,169.53
482,2008-09-02,172.4,173.5,165.0,166.19
483,2008-09-03,166.84,168.68,164.0,166.96
484,2008-09-04,165.86,167.9125,160.81,161.22
485,2008-09-05,158.59,162.4,157.65,160.18
486,2008-09-08,164.57,164.89,151.4585,157.92
487,2008-09-09,156.86,159.96,149.79,151.68
488,2008-09-10,152.32,154.99,148.8,151.61
489,2008-09-11,148.18,152.99,146.0,152.65
490,2008-09-12,150.9099,150.9099,146.5,148.94
491,2008-09-15,142.03,147.69,140.36,140.36
492,2008-09-16,133.86,142.5,132.15,139.88
493,2008-09-17,138.49,138.51,127.83,127.83
494,2008-09-18,130.57,140.0,120.68,134.09
495,2008-09-19,142.6,144.2,136.31,140.91
496,2008-09-22,139.94,140.25,130.66,131.05
497,2008-09-23,131.85,135.8,126.66,126.84
498,2008-09-24,127.27,130.95,125.15,128.71
499,2008-09-25,129.8,134.79,128.52,131.93
500,2008-09-26,124.91,129.8,123.0,128.24
501,2008-09-29,119.62,119.68,100.59,105.26
502,2008-09-30,108.25,115.0,106.3,113.66
503,2008-10-01,111.92,112.36,107.39,109.12
504,2008-10-02,108.01,108.79,100.0,100.1
505,2008-10-03,104.0,106.5,94.65,97.07
506,2008-10-06,91.96,98.78,87.54,98.14
507,2008-10-07,100.48,101.5,88.95,89.16
508,2008-10-08,85.9125,96.33,85.68,89.79
509,2008-10-09,93.35,95.8,86.6,88.74
510,2008-10-10,85.7,100.0,85.0,96.8
511,2008-10-13,104.55,110.53,101.02,110.26
512,2008-10-14,116.26,116.4,103.14,104.08
513,2008-10-15,103.84,107.0,97.89,97.95
514,2008-10-16,99.77,103.43,91.74,101.89
515,2008-10-17,99.6,102.04,85.885,97.4
516,2008-10-20,99.78,100.03,93.64,98.44
517,2008-10-21,96.95,97.9,91.16,91.49
518,2008-10-22,97.37,101.25,92.93,96.87
519,2008-10-23,96.51,99.25,91.9,98.23
520,2008-10-24,90.33,97.9,90.11,96.38
521,2008-10-27,95.07,97.63,91.86,92.09
522,2008-10-28,95.43,100.5,92.37,99.91
523,2008-10-29,100.86,109.54,99.94,104.55
524,2008-10-30,108.23,112.19,107.61,111.04
525,2008-10-31,107.4,110.78,105.14,107.59
526,2008-11-03,105.93,109.1,104.86,106.96
527,2008-11-04,109.99,111.79,106.67,110.99
528,2008-11-05,108.91,109.72,102.99,103.3
529,2008-11-06,101.05,102.78,98.0,99.1
530,2008-11-07,99.24,99.85,95.72,98.24
531,2008-11-10,100.17,100.4,94.5,95.88
532,2008-11-11,94.81,97.17,92.26,94.77
533,2008-11-12,92.43,93.24,90.01,90.12
534,2008-11-13,89.87,96.44,86.02,96.44
535,2008-11-14,93.76,93.99,90.0,90.24
536,2008-11-17,88.48,90.55,87.26,88.14
537,2008-11-18,89.64,90.99,86.86,89.91
538,2008-11-19,89.44,91.58,86.21,86.29
539,2008-11-20,85.24,86.45,80.0,80.49
540,2008-11-21,81.93,84.12,79.14,82.58
541,2008-11-24,85.21,94.79,84.84,92.95
542,2008-11-25,94.63,94.7099,88.16,90.8
543,2008-11-26,89.92,95.25,89.85,95.0
544,2008-11-28,94.7,94.76,91.86,92.67
545,2008-12-01,91.3,92.27,88.92299999999999,88.93
546,2008-12-02,90.03,92.65,86.5,92.47
547,2008-12-03,89.4,96.23,88.8,95.9
548,2008-12-04,94.43,95.21,89.06,91.41
549,2008-12-05,90.35,94.49,88.86,94.0
550,2008-12-08,97.28,100.8,95.8,99.72
551,2008-12-09,98.395,103.6,97.21,100.06
552,2008-12-10,97.87,99.49,96.5,98.21
553,2008-12-11,97.35,101.24,94.83,95.0
554,2008-12-12,92.8,99.0,92.53,98.27
555,2008-12-15,95.99,96.21,93.0,94.75
556,2008-12-16,93.98,96.48,92.75,95.43
557,2008-12-17,91.03,91.1,88.02,89.16
558,2008-12-18,89.31,90.83,88.44,89.43
559,2008-12-19,90.13,90.94,88.8,90.0
560,2008-12-22,90.02,90.03,84.69,85.74
561,2008-12-23,86.87,87.87,85.9,86.38
562,2008-12-24,86.14,86.25,84.55,85.04
563,2008-12-26,86.64,87.42,85.24,85.81
564,2008-12-29,86.52,87.62,85.07,86.61
565,2008-12-30,87.42,88.05,84.72,86.29
566,2008-12-31,85.97,87.74,85.34,85.35
567,2009-01-02,85.88,91.04,85.16,90.75
568,2009-01-05,93.17,96.18,92.71,94.58
569,2009-01-06,95.95,97.17,92.39,93.02
570,2009-01-07,91.81,92.5,90.26,91.01
571,2009-01-08,90.43,93.15,90.04,92.7
572,2009-01-09,93.21,93.38,90.14,90.58
573,2009-01-12,90.46,90.99,87.55,88.66
574,2009-01-13,88.24,89.7399,86.35,87.71
575,2009-01-14,86.24,87.25,84.72,85.33
576,2009-01-15,80.56,84.12,80.05,83.38
577,2009-01-16,84.3,84.38,80.4,82.33
578,2009-01-20,81.93,82.0,78.2,78.2
579,2009-01-21,79.45,82.88,79.31,82.83
580,2009-01-22,88.0,90.0,85.82,88.36
581,2009-01-23,86.81,89.87,86.5,88.36
582,2009-01-26,88.88,90.97,88.3,89.64
583,2009-01-27,90.19,91.55,89.74,90.73
584,2009-01-28,92.15,95.0,91.5,94.2
585,2009-01-29,93.09,94.34,92.6,93.0
586,2009-01-30,92.62,93.62,90.01,90.13
587,2009-02-02,89.1,92.0,88.9,91.51
588,2009-02-03,91.92,93.38,90.28,92.98
589,2009-02-04,93.24,96.25,93.1,93.55
590,2009-02-05,92.77,97.25,92.62,96.46
591,2009-02-06,97.0,100.0,97.0,99.72
592,2009-02-09,101.165,103.0,99.5,102.51
593,2009-02-10,101.17,102.51,97.06,97.83
594,2009-02-11,96.35,98.31,95.77,96.82
595,2009-02-12,95.83,99.75,95.83,99.27
596,2009-02-13,99.11,99.94,98.12,99.16
597,2009-02-17,96.79,97.04,94.28,94.53
598,2009-02-18,95.03,95.85,92.72,94.37
599,2009-02-19,93.37,94.25,90.11,90.64
600,2009-02-20,89.4,92.4,89.0,91.2
601,2009-02-23,91.6,92.0,86.51,86.95
602,2009-02-24,87.4475,90.89,87.0,90.25
603,2009-02-25,89.86,92.92,89.25,91.16
604,2009-02-26,92.0,92.92,88.96,89.19
605,2009-02-27,87.91,91.3,87.67,89.31
606,2009-03-02,89.31,91.2,87.67,87.94
607,2009-03-03,88.83,90.74,87.88,88.37
608,2009-03-04,90.24,92.77,89.45,91.17
609,2009-03-05,90.25,91.87,88.45,88.84
610,2009-03-06,88.34,88.4,82.33,85.3
611,2009-03-09,84.12,87.6,82.57,83.11
612,2009-03-10,84.87,89.17,84.36,88.6275
613,2009-03-11,89.9,94.07,89.58,92.68
614,2009-03-12,92.9703,96.58,92.0,96.35
615,2009-03-13,96.3,97.2,95.01,95.93
616,2009-03-16,96.45,97.39,94.18,95.42
617,2009-03-17,95.26,99.69,95.07,99.66
618,2009-03-18,99.91,103.48,99.72,101.52
619,2009-03-19,101.91,103.2,100.25,101.62
620,2009-03-20,102.09,103.11,100.57,101.59
621,2009-03-23,102.71,108.16,101.75,107.66
622,2009-03-24,106.36,109.44,105.3872,106.83
623,2009-03-25,107.58,108.36,103.86,106.49
624,2009-03-26,107.83,109.98,107.58,109.87
625,2009-03-27,108.23,108.53,106.4,106.85
626,2009-03-30,104.51,105.01,102.61,104.49
627,2009-03-31,105.45,107.45,105.0,105.12
628,2009-04-01,104.09,109.0,103.89,108.69
629,2009-04-02,110.145,114.75,109.78,112.71
630,2009-04-03,114.19,116.13,113.52,115.99
631,2009-04-06,114.94,118.75,113.28,118.45
632,2009-04-07,116.53,116.67,114.19,115.0
633,2009-04-08,115.43,116.79,114.58,116.32
634,2009-04-09,118.42,120.0,117.96,119.57
635,2009-04-13,120.01,120.98,119.0,120.22
636,2009-04-14,119.57,120.17,117.25,118.31
637,2009-04-15,117.2,118.25,115.76,117.64
638,2009-04-16,119.19,123.15,118.79,121.45
639,2009-04-17,121.18,124.25,120.25,123.42
640,2009-04-20,121.73,122.99,119.16,120.5
641,2009-04-21,118.89,122.14,118.6,121.76
642,2009-04-22,122.63,125.35,121.2,121.51
643,2009-04-23,126.62,127.2,123.51,125.4
644,2009-04-24,124.64,125.14,122.97,123.9
645,2009-04-27,122.9,125.0,122.66,124.73
646,2009-04-28,123.3501,126.21,123.26,123.902
647,2009-04-29,124.85,126.85,123.83,125.14
648,2009-04-30,126.22,127.0,124.92,125.83
649,2009-05-01,125.8,127.95,125.8,127.24
650,2009-05-04,128.24,132.25,127.68,132.07
651,2009-05-05,131.75,132.86,131.12,132.71
652,2009-05-06,133.33,133.5,130.22,132.5
653,2009-05-07,132.33,132.39,127.9,129.06
654,2009-05-08,129.04,131.2342,126.26,129.19
655,2009-05-11,127.37,130.96,127.12,129.57
656,2009-05-12,129.56,129.71,123.25,124.42
657,2009-05-13,123.21,124.02,119.38,119.49
658,2009-05-14,119.78,123.53,119.7,122.95
659,2009-05-15,122.32,124.62,121.61,122.42
660,2009-05-18,123.73,126.7,121.57,126.65
661,2009-05-19,126.82,129.31,125.74,127.45
662,2009-05-20,127.63,129.21,125.3,125.87
663,2009-05-21,125.15,126.78,122.89,124.18
664,2009-05-22,124.05,124.18,121.75,122.5
665,2009-05-26,124.76,130.83,124.55,130.78
666,2009-05-27,131.78,134.98,130.91,133.05
667,2009-05-28,133.45,135.39,132.03,135.07
668,2009-05-29,135.39,135.9,133.85,135.81
669,2009-06-01,136.47,139.99,136.0,139.35
670,2009-06-02,138.99,141.34,138.35,139.49
671,2009-06-03,140.0,141.11,139.07,140.95
672,2009-06-04,140.13,144.18,140.04,143.74
673,2009-06-05,145.31,146.4,143.21,144.67
674,2009-06-08,143.82,144.23,139.43,143.85
675,2009-06-09,143.81,144.56,140.55,142.72
676,2009-06-10,142.28,142.35,138.3,140.25
677,2009-06-11,139.55,141.56,138.55,139.95
678,2009-06-12,138.81,139.1,136.04,136.97
679,2009-06-15,136.01,136.93,134.89,136.09
680,2009-06-16,136.66,138.47,136.1,136.35
681,2009-06-17,136.67,137.45,134.53,135.58
682,2009-06-18,136.11,138.0,135.59,135.88
683,2009-06-19,138.07,139.5,136.9,139.48
684,2009-06-22,140.67,141.56,136.33,137.37
685,2009-06-23,136.4,136.95,132.88,134.01
686,2009-06-24,135.42,137.5,134.86,136.22
687,2009-06-25,135.75,140.2,135.21,139.86
688,2009-06-26,139.79,143.56,139.74,142.44
689,2009-06-29,143.46,143.95,141.54,141.97
690,2009-06-30,142.58,143.8,141.8,142.43
691,2009-07-01,143.5,144.66,142.52,142.83
692,2009-07-02,141.25,142.83,139.79,140.02
693,2009-07-06,138.7,138.99,136.25,138.61
694,2009-07-07,138.48,139.68,135.18,135.4
695,2009-07-08,135.92,138.04,134.42,137.22
696,2009-07-09,137.76,137.99,135.93,136.36
697,2009-07-10,136.34,138.97,136.32,138.52
698,2009-07-13,139.54,142.34,137.53,142.34
699,2009-07-14,142.03,143.18,141.161,142.27
700,2009-07-15,145.04,147.0,144.32,146.88
701,2009-07-16,145.76,148.02,145.57,147.52
702,2009-07-17,149.08,152.02,148.63,151.75
703,2009-07-20,153.27,155.036,150.89,152.909
704,2009-07-21,153.29,153.43,149.75,151.51
705,2009-07-22,157.79,158.73,156.11,156.74
706,2009-07-23,156.63,158.44,155.56,157.82
707,2009-07-24,156.95,160.0,156.5,159.986
708,2009-07-27,160.17,160.88,157.26,160.1
709,2009-07-28,158.88,160.105,157.6,160.0
710,2009-07-29,158.9,160.45,158.25,160.03
711,2009-07-30,161.7,164.72,161.5,162.79
712,2009-07-31,162.9881,165.0,162.91,163.39
713,2009-08-03,165.21,166.64,164.87,166.43
714,2009-08-04,164.93,165.57,164.21,165.55
715,2009-08-05,165.75,167.39,164.21,165.11
716,2009-08-06,165.58,166.51,163.09,163.91
717,2009-08-07,165.49,166.6,164.8,165.51
718,2009-08-10,165.66,166.6,163.66,164.72
719,2009-08-11,163.69,164.38,161.88,162.83
720,2009-08-12,162.55,166.71,162.46,165.31
721,2009-08-13,166.65,168.67,166.5,168.42
722,2009-08-14,167.94,168.2267,165.53,166.78
723,2009-08-17,163.55,163.59,159.42,159.59
724,2009-08-18,161.63,164.24,161.41,164.0
725,2009-08-19,162.75,165.3,162.45,164.6
726,2009-08-20,164.98,166.72,164.61,166.33
727,2009-08-21,167.65,169.37,166.8,169.22
728,2009-08-24,170.12,170.71,168.27,169.06
729,2009-08-25,169.4599,170.94,169.13,169.4
730,2009-08-26,168.92,169.55,166.76,167.41
731,2009-08-27,168.75,169.57,164.83,169.45
732,2009-08-28,172.27,172.49,168.53,170.05
733,2009-08-31,168.16,168.85,166.5,168.21
734,2009-09-01,167.99,170.0,164.94,165.298
735,2009-09-02,164.62,167.61,164.11,165.18
736,2009-09-03,166.44,167.1,165.0,166.55
737,2009-09-04,167.2757,170.7,167.09,170.31
738,2009-09-08,172.98,173.14,172.0,172.93
739,2009-09-09,172.78,174.47,169.7,171.14
740,2009-09-10,172.06,173.25,170.81,172.56
741,2009-09-11,172.91,173.18,170.87,172.16
742,2009-09-14,170.83,173.9,170.25,173.72
743,2009-09-15,174.04,175.65,173.59,175.16
744,2009-09-16,177.99,182.75,177.88,181.87
745,2009-09-17,181.98,186.79,181.97,184.55
746,2009-09-18,185.83,186.55,184.76,185.02
747,2009-09-21,184.29,185.16,181.62,184.02
748,2009-09-22,185.19,185.38,182.85,184.48
749,2009-09-23,185.4,188.9,185.03,185.5
750,2009-09-24,187.2,187.7,182.77,183.82
751,2009-09-25,182.01,185.5,181.44,182.37
752,2009-09-28,183.87,186.68,183.33,186.1519
753,2009-09-29,186.73,187.4,184.31,185.38
754,2009-09-30,186.13,186.45,182.6127,185.35
755,2009-10-01,185.35,186.22,180.7,180.8599
756,2009-10-02,181.41,185.94,181.35,184.9
757,2009-10-05,186.2,186.86,184.2701,186.024
758,2009-10-06,187.74,190.01,187.3,190.01
759,2009-10-07,189.76,190.55,189.032,190.25
760,2009-10-08,190.66,191.45,188.89,189.27
761,2009-10-09,188.97,190.7,188.62,190.47
762,2009-10-12,191.02,191.51,189.64,190.81
763,2009-10-13,190.63,191.17,189.7,190.02
764,2009-10-14,192.25,192.32,190.23,191.29
765,2009-10-15,189.63,190.92,189.53,190.56
766,2009-10-16,189.35,190.36,187.84,188.05
767,2009-10-19,187.85,190.0,185.55,189.86
768,2009-10-20,200.6,201.75,197.85,198.76
769,2009-10-21,199.52,208.7099,199.23,204.92
770,2009-10-22,204.7,207.85,202.51,205.2
771,2009-10-23,205.7,205.8,203.23,203.94
772,2009-10-26,203.67,206.75,200.1,202.48
773,2009-10-27,201.66,202.81,196.45,197.37
774,2009-10-28,197.71,198.02,191.1,192.4
775,2009-10-29,195.0,196.81,192.14,196.35
776,2009-10-30,196.05599999999998,196.8,186.0667,188.5
777,2009-11-02,189.8,192.88,185.57,189.31
778,2009-11-03,187.85,189.52,185.92,188.75
779,2009-11-04,190.73,193.85,190.23,190.81
780,2009-11-05,192.4,195.0,191.82,194.0301
781,2009-11-06,192.51,195.19,192.4,194.34
782,2009-11-09,196.94,201.9,196.26,201.46
783,2009-11-10,201.02,204.98,201.01,202.98
784,2009-11-11,204.56,205.0,201.83,203.25
785,2009-11-12,203.14,204.87,201.43,201.99
786,2009-11-13,202.87,204.83,202.07,204.45
787,2009-11-16,205.48,208.0,205.01,206.63
788,2009-11-17,206.08,207.44,205.0,207.0
789,2009-11-18,206.54,207.0,204.0,205.96
790,2009-11-19,204.61,204.61,199.8,200.51
791,2009-11-20,199.15,200.39,197.76,199.92
792,2009-11-23,203.0,206.0,202.95,205.88
793,2009-11-24,205.33,205.88,202.9,204.44
794,2009-11-25,205.4,205.65,203.76,204.19
795,2009-11-27,199.22,202.96,198.37,200.59
796,2009-11-30,201.11,201.68,198.77,199.91
797,2009-12-01,202.24,202.77,196.83,196.97
798,2009-12-02,198.96,201.42,195.75,196.23
799,2009-12-03,197.42,198.98,196.27,196.48
800,2009-12-04,199.6995,199.88,190.28,193.32
801,2009-12-07,193.32,193.77,188.68,188.95
802,2009-12-08,189.36,192.35,188.7,189.87
803,2009-12-09,191.28,198.16,190.31,197.8
804,2009-12-10,199.5,199.7,196.12,196.43
805,2009-12-11,197.78,198.0,193.43,194.67
806,2009-12-14,195.37,197.43,192.56,196.98
807,2009-12-15,195.83,197.51,193.27,194.17
808,2009-12-16,195.1,196.5,194.55,195.03
809,2009-12-17,194.26,195.0,191.0,191.86
810,2009-12-18,193.17,195.503,192.6,195.43
811,2009-12-21,196.05,199.75,195.67,198.23
812,2009-12-22,199.44,200.85,198.66,200.36
813,2009-12-23,201.25,202.38,200.81,202.1
814,2009-12-24,203.55,209.35,203.35,209.04
815,2009-12-28,211.72,213.95,209.611,211.61
816,2009-12-29,212.63,212.72,208.73,209.1
817,2009-12-30,208.83,212.0,208.31,211.64
818,2009-12-31,213.13,213.35,210.56,210.732
819,2010-01-04,213.43,214.5,212.38,214.01
820,2010-01-05,214.6,215.59,213.25,214.38
821,2010-01-06,214.38,215.23,210.75,210.97
822,2010-01-07,211.75,212.0,209.05,210.58
823,2010-01-08,210.3,212.0,209.06,211.98
824,2010-01-11,212.8,213.0,208.45,210.11
825,2010-01-12,209.19,209.77,206.42,207.72
826,2010-01-13,207.87,210.93,204.1,210.65
827,2010-01-14,210.11,210.46,209.02,209.43
828,2010-01-15,210.93,211.6,205.87,205.93
829,2010-01-19,208.33,215.19,207.24,215.04
830,2010-01-20,214.91,215.55,209.5,211.725
831,2010-01-21,212.08,213.3138,207.21,208.072
832,2010-01-22,206.78,207.5,197.16,197.75
833,2010-01-25,202.51,204.7,200.19,203.075
834,2010-01-26,205.95,213.71,202.58,205.94
835,2010-01-27,206.85,210.58,199.53099999999998,207.88400000000001
836,2010-01-28,204.93,205.5,198.7,199.29
837,2010-01-29,201.08,202.2,190.25,192.063
838,2010-02-01,192.37,196.0,191.3,194.73
839,2010-02-02,195.91,196.32,193.38,195.86
840,2010-02-03,195.17,200.2,194.42,199.23
841,2010-02-04,196.73,198.37,191.57,192.05
842,2010-02-05,192.625,196.0,190.85,195.46
843,2010-02-08,195.69,197.88,194.0,194.12
844,2010-02-09,196.42,197.5,194.75,196.19
845,2010-02-10,195.89,196.6,194.26,195.11599999999999
846,2010-02-11,194.88,199.75,194.06,198.67
847,2010-02-12,198.11,201.64,195.5,200.38
848,2010-02-16,201.94,203.69,201.52,203.4
849,2010-02-17,204.19,204.31,200.86,202.55
850,2010-02-18,201.63,203.89,200.92,202.928
851,2010-02-19,201.86,203.2,201.11,201.67
852,2010-02-22,202.34,202.5,199.19,200.416
853,2010-02-23,200.0,201.33,195.71,197.05900000000003
854,2010-02-24,198.23,201.44,197.84,200.65599999999998
855,2010-02-25,197.38,202.86,196.89,202.0
856,2010-02-26,202.38,205.17,202.0,204.62
857,2010-03-01,205.75,209.5,205.45,208.99
858,2010-03-02,209.93,210.83,207.74,208.85
859,2010-03-03,208.94,209.87,207.94,209.33
860,2010-03-04,209.28,210.92,208.63,210.71
861,2010-03-05,214.94,219.7,214.63,218.95
862,2010-03-08,220.01,220.09,218.25,219.08
863,2010-03-09,218.31,225.0,217.89,223.02
864,2010-03-10,223.8295,225.48,223.2,224.84
865,2010-03-11,223.91,225.5,223.32,225.5
866,2010-03-12,227.37,227.73,225.75,226.6
867,2010-03-15,225.38,225.5,220.25,223.84
868,2010-03-16,224.18,224.98,222.51,224.45
869,2010-03-17,224.9,226.45,223.27,224.12
870,2010-03-18,224.1,225.0,222.61,224.65
871,2010-03-19,224.79,225.24,221.23,222.2499
872,2010-03-22,220.47,226.0,220.15,224.75
873,2010-03-23,225.64,228.78,224.1,228.36
874,2010-03-24,227.64,230.2,227.51,229.37
875,2010-03-25,230.458,230.97,226.25,226.65
876,2010-03-26,228.95,231.95,228.55,230.9
877,2010-03-29,233.0,233.8699,231.62,232.39
878,2010-03-30,236.6027,237.48,234.25,235.845
879,2010-03-31,235.49,236.61,234.46,235.0
880,2010-04-01,237.49,238.73,232.75,235.97
881,2010-04-05,234.975,238.51,234.77,238.49
882,2010-04-06,238.2,240.24,237.0,239.54
883,2010-04-07,239.72,241.92,238.6601,240.6
884,2010-04-08,240.44,241.54,238.04,239.95
885,2010-04-09,241.43,241.89,240.46,241.79
886,2010-04-12,242.2,243.07,241.81,242.29
887,2010-04-13,241.86,242.8,241.11,242.43
888,2010-04-14,245.28,245.81,244.07,245.69
889,2010-04-15,245.78,249.03,245.51,248.92
890,2010-04-16,248.57,251.14,244.55,247.4
891,2010-04-19,247.03,247.89,241.77,247.07
892,2010-04-20,248.54,249.25,242.955,244.59
893,2010-04-21,258.805,260.25,255.73,259.22
894,2010-04-22,258.24,266.75,256.2,266.4695
895,2010-04-23,267.99,272.18,267.0,270.83
896,2010-04-26,271.88,272.46,268.19,269.5
897,2010-04-27,267.27,267.84,260.52,262.04
898,2010-04-28,263.25,264.0,256.41,261.6
899,2010-04-29,263.02,270.0,262.01,268.64
900,2010-04-30,269.31,270.57,261.0,261.09
901,2010-05-03,263.84,267.88,262.88,266.35
902,2010-05-04,262.89,263.29,256.75,258.68
903,2010-05-05,253.03,258.14,248.73,255.985
904,2010-05-06,253.83,258.25,199.25,246.25
905,2010-05-07,243.71,246.57,225.21,235.86
906,2010-05-10,250.25,254.65,248.53,253.99
907,2010-05-11,251.84,259.89,250.5,256.52
908,2010-05-12,259.245,263.13,258.7,262.09
909,2010-05-13,263.22,265.0,256.4,258.36
910,2010-05-14,255.165,256.48,249.5,253.82
911,2010-05-17,254.7,256.18,247.71,254.22
912,2010-05-18,256.98,258.55,250.26,252.36
913,2010-05-19,249.5,252.92,244.85,248.34
914,2010-05-20,241.88,243.85,236.21,237.76
915,2010-05-21,232.82,244.5,231.35,242.32
916,2010-05-24,247.28,250.9,246.26,246.76
917,2010-05-25,239.35,246.76,237.16,245.22
918,2010-05-26,250.08,252.13,243.75,244.109
919,2010-05-27,250.6,253.89,249.11,253.35
920,2010-05-28,259.3881,259.4,253.35,256.88
921,2010-06-01,259.69,265.94,258.96,260.83
922,2010-06-02,264.54,264.8,260.335,263.95
923,2010-06-03,265.18,265.55,260.41,263.12
924,2010-06-04,258.21,261.9,254.63,255.965
925,2010-06-07,258.29,259.15,250.55,250.94
926,2010-06-08,253.24,253.8,245.65,249.33
927,2010-06-09,251.47,251.9,242.49,243.2
928,2010-06-10,244.84,250.98,242.2,250.51
929,2010-06-11,248.225,253.86,247.37,253.51
930,2010-06-14,255.96,259.15,254.01,254.28
931,2010-06-15,255.64,259.85,255.5,259.69
932,2010-06-16,261.1,267.75,260.6302,267.25
933,2010-06-17,270.6,272.9,269.5,271.87
934,2010-06-18,272.25,275.0,271.42,274.074
935,2010-06-21,277.69,279.01,268.73,270.17
936,2010-06-22,272.16,275.97,271.5,273.85
937,2010-06-23,274.58,274.66,267.9,270.97
938,2010-06-24,271.0,273.195,268.1,269.0
939,2010-06-25,270.06,270.27,265.81,266.7
940,2010-06-28,266.93,269.75,264.52,268.3
941,2010-06-29,264.1205,264.39,254.3,256.17
942,2010-06-30,256.71,257.97,250.01,251.53
943,2010-07-01,254.3,254.8,243.22,248.48
944,2010-07-02,250.49,250.93,243.2,246.94
945,2010-07-06,251.0,252.8,246.16,248.63
946,2010-07-07,250.49,258.77,249.75,258.665
947,2010-07-08,262.48,262.9,254.89,258.09
948,2010-07-09,256.89,259.9,255.16,259.62
949,2010-07-12,258.53,261.85,254.86,257.285
950,2010-07-13,256.32,256.4,246.43,251.798
951,2010-07-14,249.38,255.8,249.0,252.727
952,2010-07-15,248.23,256.97,247.3,251.45
953,2010-07-16,253.18,254.97,248.41,249.9
954,2010-07-19,249.88,249.88,239.6,245.58
955,2010-07-20,242.9,252.9,240.01,251.89
956,2010-07-21,265.09,265.15,254.0,254.24
957,2010-07-22,257.68,260.0,255.31,259.024
958,2010-07-23,257.09,260.38,256.28,259.94
959,2010-07-26,260.0,260.0998,257.71,259.28
960,2010-07-27,260.87,264.8,260.3,264.08
961,2010-07-28,263.67,265.99,260.25,260.96
962,2010-07-29,260.71,262.65,256.1,258.11
963,2010-07-30,255.8925,259.7,254.9,257.25
964,2010-08-02,260.44,262.59,259.62,261.85
965,2010-08-03,261.01,263.26,259.42,261.93
966,2010-08-04,262.84,264.28,260.311,262.98
967,2010-08-05,261.73,263.18,260.55,261.7
968,2010-08-06,259.78,261.49,257.63,260.091
969,2010-08-09,261.48,262.15,259.57,261.75
970,2010-08-10,259.85,260.45,257.55,259.41
971,2010-08-11,255.4,255.69,249.81,250.19
972,2010-08-12,246.69,253.1,246.12,251.79
973,2010-08-13,251.65,251.88,249.09,249.1
974,2010-08-16,247.58,250.01,246.62,247.64
975,2010-08-17,250.08,254.63,249.2,251.97
976,2010-08-18,252.36,254.67,251.58,253.07
977,2010-08-19,252.84,253.48,248.68,249.88
978,2010-08-20,249.39,253.92,249.0,249.64
979,2010-08-23,251.79,252.0,245.25,245.8
980,2010-08-24,242.67,243.0,238.65,239.93
981,2010-08-25,238.04,243.99,237.2,242.89
982,2010-08-26,245.45,245.75,240.2778,240.28
983,2010-08-27,241.75,242.61,235.56,241.62
984,2010-08-30,240.76,245.75,240.6801,242.5
985,2010-08-31,241.85,244.56,240.35,243.1
986,2010-09-01,247.47,251.46,246.28,250.33
987,2010-09-02,251.2623,252.17,248.57,252.17
988,2010-09-03,255.09,258.78,254.5,258.77
989,2010-09-07,256.64,259.53,256.25,257.81
990,2010-09-08,259.78,264.3899,259.1,262.92
991,2010-09-09,265.04,266.52,262.92,263.07
992,2010-09-10,263.19,264.5,261.4,263.41
993,2010-09-13,265.82,268.28,265.76,267.04
994,2010-09-14,266.21,269.17,265.52,268.06
995,2010-09-15,268.17,270.38,267.84,270.22
996,2010-09-16,270.24,276.67,269.5,276.57
997,2010-09-17,277.69,277.96,273.68,275.37
998,2010-09-20,276.08,283.78,275.85,283.23
999,2010-09-21,283.86,287.35,282.79,283.77
1000,2010-09-22,282.71,287.98,282.41,287.75
1001,2010-09-23,286.33,292.76,286.0,288.92
1002,2010-09-24,292.1,293.53,290.55,292.32
1003,2010-09-27,293.975,294.73,291.01,291.164
1004,2010-09-28,291.77,291.77,275.0,286.86
1005,2010-09-29,287.23,289.81,286.0,287.37
1006,2010-09-30,289.0,290.0,281.25,283.75
1007,2010-10-01,283.75,286.58,281.35,282.52
1008,2010-10-04,281.6,282.9,277.77,278.64
1009,2010-10-05,282.0,289.45,281.82,288.94
1010,2010-10-06,289.59,291.99,285.26,289.19
1011,2010-10-07,290.3362,290.48,286.91,289.22
1012,2010-10-08,291.7129,294.5,290.0,294.07
1013,2010-10-11,294.74,297.24,294.6,295.36
1014,2010-10-12,295.41,299.5,292.49,298.54
1015,2010-10-13,300.2,301.96,299.8,300.14
1016,2010-10-14,301.69,302.47,300.4,302.31
1017,2010-10-15,307.44,315.0,304.91,314.74
1018,2010-10-18,318.47,319.0,314.29,318.0
1019,2010-10-19,303.4,313.77,300.02,309.49
1020,2010-10-20,309.0,314.25,306.87,310.53
1021,2010-10-21,312.36,314.74,306.8,309.52
1022,2010-10-22,309.07,310.04,306.3,307.47
1023,2010-10-25,309.09,311.6,308.44,308.84
1024,2010-10-26,306.87,309.74,305.65,308.05
1025,2010-10-27,307.65,309.9,305.6,307.83
1026,2010-10-28,307.95,308.0,300.9,305.24
1027,2010-10-29,304.23,305.88,300.87,300.98
1028,2010-11-01,302.22,305.6,302.2,304.18
1029,2010-11-02,307.0,310.19,307.0,309.36
1030,2010-11-03,311.37,312.88,308.53,312.8
1031,2010-11-04,315.45,320.18,315.03,318.27
1032,2010-11-05,317.99,319.57,316.75,317.13
1033,2010-11-08,317.2,319.7702,316.76,318.62
1034,2010-11-09,321.05,321.3,314.5,316.08
1035,2010-11-10,316.64,318.77,313.55,318.03
1036,2010-11-11,315.0,318.4,314.25,316.655
1037,2010-11-12,316.0,316.5,303.63,308.03
1038,2010-11-15,308.46,310.54,306.27,307.035
1039,2010-11-16,305.72,307.6,299.32,301.59
1040,2010-11-17,301.2,303.99,297.76,300.5
1041,2010-11-18,305.2,309.67,304.69,308.43
1042,2010-11-19,307.97,308.4,305.24,306.73
1043,2010-11-22,306.68,313.36,305.87,313.36
1044,2010-11-23,310.45,311.75,306.56,308.73
1045,2010-11-24,312.0,315.4,311.75,314.795
1046,2010-11-26,313.74,317.6999,312.94,315.0
1047,2010-11-29,315.5,317.48,311.38,316.87
1048,2010-11-30,313.54,314.36,310.87,311.15
1049,2010-12-01,315.27,317.75,315.0,316.4
1050,2010-12-02,317.53,319.0,314.89,318.15
1051,2010-12-03,317.01,318.65,316.34,317.44
1052,2010-12-06,318.64,322.33,318.42,320.15
1053,2010-12-07,323.8,323.99,318.12,318.21
1054,2010-12-08,319.63,321.02,317.11,321.01
1055,2010-12-09,322.1317,322.5,319.02,319.7575
1056,2010-12-10,319.65,321.05,318.6,320.56
1057,2010-12-13,324.37,325.06,321.0,321.67
1058,2010-12-14,321.73,322.54,319.0,320.29
1059,2010-12-15,320.0,323.0,319.19,320.36
1060,2010-12-16,321.09,322.61,320.1,321.25
1061,2010-12-17,321.63,321.79,320.23,320.61
1062,2010-12-20,321.6,323.25,318.23,322.21
1063,2010-12-21,323.0,324.39,322.05,324.205
1064,2010-12-22,324.36,325.72,323.55,325.16
1065,2010-12-23,325.0,325.15,323.17,323.6
1066,2010-12-27,322.8519,325.44,321.52,324.68
1067,2010-12-28,325.9102,326.66,325.06,325.47
1068,2010-12-29,326.22,326.45,325.1,325.29
1069,2010-12-30,325.48,325.51,323.05,323.66
1070,2010-12-31,322.95,323.48,321.31,322.56
1071,2011-01-03,325.64,330.26,324.8365,329.57
1072,2011-01-04,332.44,332.5,328.15,331.29
1073,2011-01-05,329.55,334.34,329.5,334.0
1074,2011-01-06,334.7194,335.25,332.9,333.73
1075,2011-01-07,333.99,336.35,331.9,336.12
1076,2011-01-10,338.83,343.23,337.17,342.455
1077,2011-01-11,344.88,344.96,339.47,341.64
1078,2011-01-12,343.25,344.43,342.0,344.42
1079,2011-01-13,345.16,346.64,343.85,345.68
1080,2011-01-14,345.89,348.48,344.44,348.48
1081,2011-01-18,329.52,344.7625,326.0,340.65
1082,2011-01-19,348.35,348.6,336.88,338.84
1083,2011-01-20,336.43,338.3,330.12,332.68
1084,2011-01-21,333.77,334.88,326.63,326.72
1085,2011-01-24,326.87,337.45,326.72,337.45
1086,2011-01-25,336.33,341.44,334.57,341.4
1087,2011-01-26,342.96,345.6,341.5,343.85
1088,2011-01-27,343.78,344.6928,342.83099999999996,343.21
1089,2011-01-28,344.17,344.4,333.528,336.1
1090,2011-01-31,335.8,340.04,334.3,339.32
1091,2011-02-01,341.3,345.65,340.98,345.03
1092,2011-02-02,344.45,345.25,343.55,344.32
1093,2011-02-03,343.8,344.24,338.55,343.44
1094,2011-02-04,343.64,346.7,343.51,346.5
1095,2011-02-07,347.89,353.25,347.64,351.88
1096,2011-02-08,353.68,355.52,352.15,355.2
1097,2011-02-09,355.19,359.0,354.87,358.16
1098,2011-02-10,357.39,360.0,348.0,354.54
1099,2011-02-11,354.7526,357.8,353.5401,356.85
1100,2011-02-14,356.79,359.48,356.71,359.18
1101,2011-02-15,359.19,359.97,357.55,359.9
1102,2011-02-16,360.8,364.9,360.5,363.13
1103,2011-02-17,357.25,360.27,356.52,358.3
1104,2011-02-18,358.71,359.5,349.52,350.56
1105,2011-02-22,342.15,345.4,337.72,338.61
1106,2011-02-23,338.77,344.64,338.61,342.62
1107,2011-02-24,344.02,345.15,338.37,342.88
1108,2011-02-25,345.26,348.43,344.8,348.16
1109,2011-02-28,351.24,355.05,351.12,353.21
1110,2011-03-01,355.47,355.72,347.681,349.31
1111,2011-03-02,349.96,354.35,348.4,352.12
1112,2011-03-03,357.19,359.79,355.92,359.56
1113,2011-03-04,360.07,360.29,357.75,360.0
1114,2011-03-07,361.4,361.67,351.31,355.36
1115,2011-03-08,354.91,357.4,352.25,355.76
1116,2011-03-09,354.69,354.76,350.6,352.47
1117,2011-03-10,349.12,349.77,344.9,346.67
1118,2011-03-11,345.33,352.32,345.0,351.99
1119,2011-03-14,353.18,356.4844,351.31,353.56
1120,2011-03-15,342.1,347.84,340.1,345.43
1121,2011-03-16,342.0,343.0,326.26,330.01
1122,2011-03-17,336.83,339.61,330.6596,334.64
1123,2011-03-18,337.13,338.2,330.0,330.67
1124,2011-03-21,335.99,339.74,335.26,339.3
1125,2011-03-22,342.56,342.62,339.14,341.2
1126,2011-03-23,339.28,340.22,335.95,339.19
1127,2011-03-24,341.85,346.0,338.86,344.97
1128,2011-03-25,348.07,352.06,347.02,351.54
1129,2011-03-28,353.15,354.32,350.44,350.44
1130,2011-03-29,347.66,350.96,346.06,350.96
1131,2011-03-30,350.64,350.88,347.44,348.63
1132,2011-03-31,346.36,349.8,346.06,348.5075
1133,2011-04-01,351.11,351.5872,343.3,344.56
1134,2011-04-04,344.31,344.6,338.4,341.19
1135,2011-04-05,336.99,342.25,336.0,338.89
1136,2011-04-06,341.22,343.9,337.14,338.04
1137,2011-04-07,338.1,340.43,336.03,338.08
1138,2011-04-08,339.92,340.15,333.95,335.06
1139,2011-04-11,334.06,335.67,330.02,330.8
1140,2011-04-12,330.49,333.73,330.2,332.4
1141,2011-04-13,335.02,336.14,332.52,336.13
1142,2011-04-14,334.8,336.0,332.06,332.42
1143,2011-04-15,333.3,333.64,326.8,327.46
1144,2011-04-18,326.1,332.23,320.16,331.85
1145,2011-04-19,333.1,337.98,331.71,337.86
1146,2011-04-20,343.51,345.75,341.5,342.41
1147,2011-04-21,355.0,355.13,348.52,350.69599999999997
1148,2011-04-25,350.34,353.75,350.3,353.009
1149,2011-04-26,353.62,354.99,349.35,350.42
1150,2011-04-27,352.24,352.35,347.1,350.15
1151,2011-04-28,346.19,349.75,345.52,346.75
1152,2011-04-29,346.78,353.95,346.666,350.13
1153,2011-05-02,349.74,350.469,345.5,346.28
1154,2011-05-03,347.99,349.89,345.62,348.2
1155,2011-05-04,348.26,351.83,346.88,349.57
1156,2011-05-05,348.4,350.95,346.05,346.75
1157,2011-05-06,349.69,350.0,346.21,346.66
1158,2011-05-09,347.86,349.2,346.5276,347.6
1159,2011-05-10,348.89,349.69,346.66,349.45
1160,2011-05-11,349.02,350.0,345.24,347.23
1161,2011-05-12,346.12,347.12,342.27,346.57
1162,2011-05-13,345.66,346.25,340.35,340.5
1163,2011-05-16,339.2,341.22,332.6,333.3
1164,2011-05-17,332.0,336.14,330.73,336.14
1165,2011-05-18,336.47,341.05,336.0,339.87
1166,2011-05-19,342.08,342.414,338.67,340.53
1167,2011-05-20,339.56,340.95,335.02,335.22
1168,2011-05-23,329.97,335.98,329.42,334.4
1169,2011-05-24,335.5,335.899,331.34,332.19
1170,2011-05-25,333.43,338.56,332.85,336.78
1171,2011-05-26,335.97,336.89,334.435,335.0
1172,2011-05-27,334.8,337.63,334.31,337.41
1173,2011-05-31,341.1,347.83,341.0,347.83
1174,2011-06-01,348.87,352.13199999999995,344.65,345.51
1175,2011-06-02,346.5,347.98,344.3,346.102
1176,2011-06-03,343.18,345.33,342.01,343.44
1177,2011-06-06,344.84,347.05,337.81,338.04
1178,2011-06-07,338.17,338.22,331.9,332.04
1179,2011-06-08,331.78,334.8,330.65,332.24
1180,2011-06-09,333.25,333.67,330.75,331.49
1181,2011-06-10,330.55,331.66,325.51,325.9
1182,2011-06-13,327.2,328.31,325.07,326.6
1183,2011-06-14,330.0,333.25,329.31,332.44
1184,2011-06-15,329.75,330.3,324.88,326.75
1185,2011-06-16,326.9,328.6811,318.33,325.16
1186,2011-06-17,328.99,329.25,319.36,320.26
1187,2011-06-20,317.355,317.7,310.5,315.32
1188,2011-06-21,316.68,325.8,315.2,325.3
1189,2011-06-22,325.16,328.9,322.38,322.61
1190,2011-06-23,318.94,331.69,318.12,331.23
1191,2011-06-24,331.37,333.15,325.09,326.35
1192,2011-06-27,327.59,333.9,327.25,332.04
1193,2011-06-28,333.65,336.7,333.44,335.26
1194,2011-06-29,336.04,336.37,331.88,334.04
1195,2011-06-30,334.7,336.13,332.84,335.67
1196,2011-07-01,335.95,343.5,334.2,343.26
1197,2011-07-05,343.0,349.83,342.5,349.43
1198,2011-07-06,348.95,354.1,346.71,351.76
1199,2011-07-07,354.67,358.0,354.0,357.2
1200,2011-07-08,353.34,360.0,352.2,359.71
1201,2011-07-11,356.34,359.77,352.82,354.0
1202,2011-07-12,353.53,357.68,348.62,353.75
1203,2011-07-13,358.33,360.0,356.38,358.02
1204,2011-07-14,361.01,361.61,356.34,357.77
1205,2011-07-15,361.17,365.0,359.17,364.92
1206,2011-07-18,365.43,374.65,365.28,373.8
1207,2011-07-19,378.0,378.65,373.32,376.85
1208,2011-07-20,396.12,396.27,386.0,386.9
1209,2011-07-21,386.95,390.06,383.9,387.29
1210,2011-07-22,388.32,395.05,387.75,393.3
1211,2011-07-25,390.35,400.0,389.62,398.5
1212,2011-07-26,400.0,404.5,399.68,403.41
1213,2011-07-27,400.59,402.64,392.15,392.59
1214,2011-07-28,391.62,396.99,388.13,391.82
1215,2011-07-29,387.64,395.15,384.0,390.48
1216,2011-08-01,397.78,399.5,392.37,396.75
1217,2011-08-02,397.65,397.9,388.35,388.91
1218,2011-08-03,390.98,393.55,382.24,392.57
1219,2011-08-04,389.41,391.32,377.35,377.37
1220,2011-08-05,380.44,383.5,362.57,373.62
1221,2011-08-08,361.69,367.77,353.02,353.21
1222,2011-08-09,361.3,374.61,355.0,374.01
1223,2011-08-10,371.15,374.65,362.5,363.69
1224,2011-08-11,370.52,375.45,364.72,373.7
1225,2011-08-12,378.07,379.64,374.23,376.99
1226,2011-08-15,379.63,384.97,378.09,383.41
1227,2011-08-16,381.52,383.37,376.06,380.48
1228,2011-08-17,382.31,384.52,378.0,380.44
1229,2011-08-18,370.84,372.65,361.37,366.05
1230,2011-08-19,362.17,367.0,356.0,356.03
1231,2011-08-22,364.51,364.88,355.09,356.44
1232,2011-08-23,360.3,373.64,357.0,373.6
1233,2011-08-24,373.47,378.96,370.6,376.18
1234,2011-08-25,365.08,375.45,365.0,373.72
1235,2011-08-26,371.17,383.8,370.8008,383.58
1236,2011-08-29,388.18,391.5,388.0,389.97
1237,2011-08-30,388.25,391.84,386.21,389.99
1238,2011-08-31,390.57,392.08,381.86,384.83
1239,2011-09-01,385.82,387.3399,380.72,381.03
1240,2011-09-02,374.74,378.0,371.83,374.05
1241,2011-09-06,367.37,380.33,366.48,379.74
1242,2011-09-07,385.56,385.6,382.0,383.93
1243,2011-09-08,382.4,388.61,382.31,384.14
1244,2011-09-09,383.93,386.0,375.02,377.48
1245,2011-09-12,375.89,380.88,371.9,379.94
1246,2011-09-13,382.14,386.21,380.25,384.62
1247,2011-09-14,387.02,392.21,385.76,389.3
1248,2011-09-15,391.43,393.66,389.9,392.96
1249,2011-09-16,395.54,400.50300000000004,395.03,400.5
1250,2011-09-19,397.0,413.23,395.2045,411.63
1251,2011-09-20,415.25,422.86,411.19,413.45
1252,2011-09-21,419.64,421.59,412.0,412.14
1253,2011-09-22,401.03,409.82,396.7,401.82
1254,2011-09-23,400.28,406.74,399.85,404.3
1255,2011-09-26,399.86,403.98,391.3,403.17
1256,2011-09-27,408.73,409.25,398.06,399.26
1257,2011-09-28,400.19,403.74,396.51,397.01
1258,2011-09-29,401.92,402.21,386.21,390.57
1259,2011-09-30,387.12,388.89,381.18,381.32
1260,2011-10-03,380.37,382.64,373.171,374.6
1261,2011-10-04,374.57,381.8,354.24,372.5
1262,2011-10-05,367.86,379.82,360.3,378.25
1263,2011-10-06,373.33,384.78,371.8045,377.37
1264,2011-10-07,375.78,377.74,368.48900000000003,369.8
1265,2011-10-10,379.09,388.81,378.21,388.81
1266,2011-10-11,392.57,403.18,391.5,400.29
1267,2011-10-12,407.34,409.25,400.14,402.19
1268,2011-10-13,404.98,408.43,402.85,408.43
1269,2011-10-14,416.83,422.0,415.27,422.0
1270,2011-10-17,421.74,426.7,415.94,419.99
1271,2011-10-18,421.76,424.8067,415.99,422.24
1272,2011-10-19,401.35,408.41900000000004,397.8,398.62
1273,2011-10-20,400.0,400.35,394.21,395.31
1274,2011-10-21,398.1,399.14,390.75,392.87
1275,2011-10-24,396.18,406.5,395.4,405.77
1276,2011-10-25,405.03,406.55,397.38,397.77
1277,2011-10-26,401.76,402.55,393.151,400.6
1278,2011-10-27,407.56,409.0,401.89,404.69
1279,2011-10-28,403.0,406.35,402.51,404.95
1280,2011-10-31,402.42,409.33,401.05,404.78
1281,2011-11-01,397.41,399.5,393.22,396.51
1282,2011-11-02,400.09,400.44,395.11,397.41
1283,2011-11-03,399.07,403.4,395.36,403.07
1284,2011-11-04,402.03,403.44,399.16,400.24
1285,2011-11-07,399.91,400.0,396.13,399.73
1286,2011-11-08,402.21,408.0,401.56,406.23
1287,2011-11-09,396.97,400.89,394.23,395.28
1288,2011-11-10,397.03,397.21,382.15,385.22
1289,2011-11-11,386.61,388.7,380.26,384.62
1290,2011-11-14,383.5201,385.25,378.2,379.26
1291,2011-11-15,380.8,389.5,379.45,388.83
1292,2011-11-16,389.25,391.14,384.32,384.77
1293,2011-11-17,383.98,384.58,375.5,377.41
1294,2011-11-18,378.92,379.99,374.88,374.94
1295,2011-11-21,370.4,371.68,365.91,369.01
1296,2011-11-22,371.02,377.93,370.94,376.51
1297,2011-11-23,374.51,375.84,366.88,366.99
1298,2011-11-25,368.42,371.15,363.32,363.57
1299,2011-11-28,372.35,376.72,370.33,376.12
1300,2011-11-29,375.84,378.83,370.2,373.2
1301,2011-11-30,381.29,382.276,378.3,382.2
1302,2011-12-01,382.54,389.0,380.75,387.93
1303,2011-12-02,389.83,393.6299,388.58,389.7
1304,2011-12-05,393.49,396.41,390.38800000000003,393.01
1305,2011-12-06,392.51,394.63,389.38,390.95
1306,2011-12-07,389.93,390.94,386.7625,389.09
1307,2011-12-08,391.45,395.5,390.23,390.66
1308,2011-12-09,392.85,394.04,391.03,393.62
1309,2011-12-12,391.68,393.9,389.45,391.84
1310,2011-12-13,393.0,395.4,387.1,388.81
1311,2011-12-14,386.7,387.38,377.68,380.19
1312,2011-12-15,383.33,383.74,378.31,378.94
1313,2011-12-16,380.36,384.15,379.57,381.02
1314,2011-12-19,382.47,384.85,380.48,382.21
1315,2011-12-20,387.76,396.1,387.26,395.95
1316,2011-12-21,396.69,397.3,392.01,396.445
1317,2011-12-22,397.0,399.13,396.1,398.55
1318,2011-12-23,399.69,403.59,399.495,403.33
1319,2011-12-27,403.1,409.09,403.02,406.53
1320,2011-12-28,406.89,408.25,401.34,402.64
1321,2011-12-29,403.4,405.65,400.51,405.12
1322,2011-12-30,403.51,406.28,403.49,405.0
